<?xml version="1.0" encoding="utf-8" ?><dwsync><file name="smileys.php" server="ctl2.cedarville.edu" local="3468844003" remote="319783739112709091" Dst="-1" /><file name="migration.php" server="ctl2.cedarville.edu" local="3468844002" remote="319783739112709090" Dst="-1" /><file name="config.php" server="ctl2.cedarville.edu" local="3468844002" remote="319783739112709090" Dst="-1" /><file name="user_agents.php" server="ctl2.cedarville.edu" local="3468844003" remote="319783739112709091" Dst="-1" /><file name="routes.php" server="ctl2.cedarville.edu" local="3468844003" remote="319783739112709091" Dst="-1" /><file name="constants.php" server="ctl2.cedarville.edu" local="3468844002" remote="319783739112709090" Dst="-1" /><file name="index.html" server="ctl2.cedarville.edu" local="3468844002" remote="319783739112709090" Dst="-1" /><file name="profiler.php" server="ctl2.cedarville.edu" local="3468844003" remote="319783739112709091" Dst="-1" /><file name="foreign_chars.php" server="ctl2.cedarville.edu" local="3468844002" remote="319783739112709090" Dst="-1" /><file name="hooks.php" server="ctl2.cedarville.edu" local="3468844002" remote="319783739112709090" Dst="-1" /><file name="mimes.php" server="ctl2.cedarville.edu" local="3468844003" remote="319783739112709091" Dst="-1" /><file name="autoload.php" server="ctl2.cedarville.edu" local="3468844002" remote="319783739112709090" Dst="-1" /><file name="doctypes.php" server="ctl2.cedarville.edu" local="3468844002" remote="319783739112709090" Dst="-1" /><file name="database.php" server="ctl2.cedarville.edu" local="3468844002" remote="319783739112709090" Dst="-1" /></dwsync>