{
  "CodeKitInfo" : "This is a CodeKit project configuration file. It is designed to sync project settings across multiple machines. Modifying the contents of this file can be a poor life decision if you don't know what you're doing. This file is not useful unless accompanied by the project that created it in CodeKit. For more information, see: http:\/\/incident57.com\/codekit",
  "creatorBuild" : "8403",
  "files" : {
    "\/application\/controllers\/site.php" : {
      "ignoreWasSetByUser" : 1,
      "ignore" : 1,
      "hidden" : 0,
      "outputPathIsSetByUser" : 0,
      "inputAbbreviatedPath" : "\/application\/controllers\/site.php",
      "outputAbbreviatedPath" : "No Output Path",
      "fileType" : 2048
    },
    "\/application\/views\/device\/laptop.php" : {
      "ignoreWasSetByUser" : 0,
      "ignore" : 0,
      "hidden" : 0,
      "outputPathIsSetByUser" : 0,
      "inputAbbreviatedPath" : "\/application\/views\/device\/laptop.php",
      "outputAbbreviatedPath" : "No Output Path",
      "fileType" : 2048
    },
    "\/application\/errors\/error_general.php" : {
      "ignoreWasSetByUser" : 1,
      "ignore" : 1,
      "hidden" : 0,
      "outputPathIsSetByUser" : 0,
      "inputAbbreviatedPath" : "\/application\/errors\/error_general.php",
      "outputAbbreviatedPath" : "No Output Path",
      "fileType" : 2048
    },
    "\/assets\/less\/mixins\/panels.less" : {
      "ieCompatibility" : 1,
      "inputAbbreviatedPath" : "\/assets\/less\/mixins\/panels.less",
      "outputAbbreviatedPath" : "\/assets\/less\/css\/panels.css",
      "outputPathIsSetByUser" : 0,
      "strictUnits" : 0,
      "relativeURLS" : 0,
      "ignore" : 1,
      "strictImports" : 0,
      "ignoreWasSetByUser" : 0,
      "shouldRunBless" : 0,
      "hidden" : 0,
      "strictMath" : 0,
      "outputStyle" : 0,
      "fileType" : 1,
      "debugStyle" : 0
    },
    "\/index.php" : {
      "ignoreWasSetByUser" : 1,
      "ignore" : 1,
      "hidden" : 0,
      "outputPathIsSetByUser" : 0,
      "inputAbbreviatedPath" : "\/index.php",
      "outputAbbreviatedPath" : "No Output Path",
      "fileType" : 2048
    },
    "\/application\/config\/mimes.php" : {
      "ignoreWasSetByUser" : 1,
      "ignore" : 1,
      "hidden" : 0,
      "outputPathIsSetByUser" : 0,
      "inputAbbreviatedPath" : "\/application\/config\/mimes.php",
      "outputAbbreviatedPath" : "No Output Path",
      "fileType" : 2048
    },
    "\/application\/libraries\/Device.php" : {
      "ignoreWasSetByUser" : 0,
      "ignore" : 0,
      "hidden" : 0,
      "outputPathIsSetByUser" : 0,
      "inputAbbreviatedPath" : "\/application\/libraries\/Device.php",
      "outputAbbreviatedPath" : "No Output Path",
      "fileType" : 2048
    },
    "\/assets\/less\/close.less" : {
      "ieCompatibility" : 1,
      "inputAbbreviatedPath" : "\/assets\/less\/close.less",
      "outputAbbreviatedPath" : "\/assets\/css\/close.css",
      "outputPathIsSetByUser" : 0,
      "strictUnits" : 0,
      "relativeURLS" : 0,
      "ignore" : 1,
      "strictImports" : 0,
      "ignoreWasSetByUser" : 0,
      "shouldRunBless" : 0,
      "hidden" : 0,
      "strictMath" : 0,
      "outputStyle" : 0,
      "fileType" : 1,
      "debugStyle" : 0
    },
    "\/assets\/less\/type.less" : {
      "ieCompatibility" : 1,
      "inputAbbreviatedPath" : "\/assets\/less\/type.less",
      "outputAbbreviatedPath" : "\/assets\/css\/type.css",
      "outputPathIsSetByUser" : 0,
      "strictUnits" : 0,
      "relativeURLS" : 0,
      "ignore" : 1,
      "strictImports" : 0,
      "ignoreWasSetByUser" : 0,
      "shouldRunBless" : 0,
      "hidden" : 0,
      "strictMath" : 0,
      "outputStyle" : 0,
      "fileType" : 1,
      "debugStyle" : 0
    },
    "\/assets\/less\/dropdowns.less" : {
      "ieCompatibility" : 1,
      "inputAbbreviatedPath" : "\/assets\/less\/dropdowns.less",
      "outputAbbreviatedPath" : "\/assets\/css\/dropdowns.css",
      "outputPathIsSetByUser" : 0,
      "strictUnits" : 0,
      "relativeURLS" : 0,
      "ignore" : 1,
      "strictImports" : 0,
      "ignoreWasSetByUser" : 0,
      "shouldRunBless" : 0,
      "hidden" : 0,
      "strictMath" : 0,
      "outputStyle" : 0,
      "fileType" : 1,
      "debugStyle" : 0
    },
    "\/assets\/less\/mixins\/text-emphasis.less" : {
      "ieCompatibility" : 1,
      "inputAbbreviatedPath" : "\/assets\/less\/mixins\/text-emphasis.less",
      "outputAbbreviatedPath" : "\/assets\/less\/css\/text-emphasis.css",
      "outputPathIsSetByUser" : 0,
      "strictUnits" : 0,
      "relativeURLS" : 0,
      "ignore" : 1,
      "strictImports" : 0,
      "ignoreWasSetByUser" : 0,
      "shouldRunBless" : 0,
      "hidden" : 0,
      "strictMath" : 0,
      "outputStyle" : 0,
      "fileType" : 1,
      "debugStyle" : 0
    },
    "\/assets\/less\/grid.less" : {
      "ieCompatibility" : 1,
      "inputAbbreviatedPath" : "\/assets\/less\/grid.less",
      "outputAbbreviatedPath" : "\/assets\/css\/grid.css",
      "outputPathIsSetByUser" : 0,
      "strictUnits" : 0,
      "relativeURLS" : 0,
      "ignore" : 1,
      "strictImports" : 0,
      "ignoreWasSetByUser" : 0,
      "shouldRunBless" : 0,
      "hidden" : 0,
      "strictMath" : 0,
      "outputStyle" : 0,
      "fileType" : 1,
      "debugStyle" : 0
    },
    "\/application\/config\/production\/database.php" : {
      "ignoreWasSetByUser" : 1,
      "ignore" : 1,
      "hidden" : 0,
      "outputPathIsSetByUser" : 0,
      "inputAbbreviatedPath" : "\/application\/config\/production\/database.php",
      "outputAbbreviatedPath" : "No Output Path",
      "fileType" : 2048
    },
    "\/assets\/less\/theme.less" : {
      "ieCompatibility" : 1,
      "inputAbbreviatedPath" : "\/assets\/less\/theme.less",
      "outputAbbreviatedPath" : "\/assets\/css\/theme.css",
      "outputPathIsSetByUser" : 0,
      "strictUnits" : 0,
      "relativeURLS" : 0,
      "ignore" : 0,
      "strictImports" : 0,
      "ignoreWasSetByUser" : 0,
      "shouldRunBless" : 0,
      "hidden" : 0,
      "strictMath" : 0,
      "outputStyle" : 0,
      "fileType" : 1,
      "debugStyle" : 0
    },
    "\/application\/views\/user\/password\/request_reset.php" : {
      "ignoreWasSetByUser" : 0,
      "ignore" : 0,
      "hidden" : 0,
      "outputPathIsSetByUser" : 0,
      "inputAbbreviatedPath" : "\/application\/views\/user\/password\/request_reset.php",
      "outputAbbreviatedPath" : "No Output Path",
      "fileType" : 2048
    },
    "\/assets\/less\/mixins\/hide-text.less" : {
      "ieCompatibility" : 1,
      "inputAbbreviatedPath" : "\/assets\/less\/mixins\/hide-text.less",
      "outputAbbreviatedPath" : "\/assets\/less\/css\/hide-text.css",
      "outputPathIsSetByUser" : 0,
      "strictUnits" : 0,
      "relativeURLS" : 0,
      "ignore" : 1,
      "strictImports" : 0,
      "ignoreWasSetByUser" : 0,
      "shouldRunBless" : 0,
      "hidden" : 0,
      "strictMath" : 0,
      "outputStyle" : 0,
      "fileType" : 1,
      "debugStyle" : 0
    },
    "\/application\/logs\/index.html" : {
      "ignoreWasSetByUser" : 1,
      "ignore" : 1,
      "hidden" : 0,
      "outputPathIsSetByUser" : 0,
      "inputAbbreviatedPath" : "\/application\/logs\/index.html",
      "outputAbbreviatedPath" : "No Output Path",
      "fileType" : 2048
    },
    "\/assets\/js\/npm.js" : {
      "ignoreWasSetByUser" : 0,
      "ignore" : 0,
      "hidden" : 0,
      "outputPathIsSetByUser" : 0,
      "inputAbbreviatedPath" : "\/assets\/js\/npm.js",
      "outputStyle" : 1,
      "syntaxCheckerStyle" : 0,
      "outputAbbreviatedPath" : "\/assets\/js\/npm-ck.js",
      "fileType" : 64
    },
    "\/application\/config\/development\/config.php" : {
      "ignoreWasSetByUser" : 1,
      "ignore" : 1,
      "hidden" : 0,
      "outputPathIsSetByUser" : 0,
      "inputAbbreviatedPath" : "\/application\/config\/development\/config.php",
      "outputAbbreviatedPath" : "No Output Path",
      "fileType" : 2048
    },
    "\/application\/controllers\/main.php" : {
      "ignoreWasSetByUser" : 1,
      "ignore" : 1,
      "hidden" : 0,
      "outputPathIsSetByUser" : 0,
      "inputAbbreviatedPath" : "\/application\/controllers\/main.php",
      "outputAbbreviatedPath" : "No Output Path",
      "fileType" : 2048
    },
    "\/assets\/less\/mixins\/responsive-visibility.less" : {
      "ieCompatibility" : 1,
      "inputAbbreviatedPath" : "\/assets\/less\/mixins\/responsive-visibility.less",
      "outputAbbreviatedPath" : "\/assets\/less\/css\/responsive-visibility.css",
      "outputPathIsSetByUser" : 0,
      "strictUnits" : 0,
      "relativeURLS" : 0,
      "ignore" : 1,
      "strictImports" : 0,
      "ignoreWasSetByUser" : 0,
      "shouldRunBless" : 0,
      "hidden" : 0,
      "strictMath" : 0,
      "outputStyle" : 0,
      "fileType" : 1,
      "debugStyle" : 0
    },
    "\/application\/controllers\/user.php" : {
      "ignoreWasSetByUser" : 1,
      "ignore" : 1,
      "hidden" : 0,
      "outputPathIsSetByUser" : 0,
      "inputAbbreviatedPath" : "\/application\/controllers\/user.php",
      "outputAbbreviatedPath" : "No Output Path",
      "fileType" : 2048
    },
    "\/application\/models\/group_model.php" : {
      "ignoreWasSetByUser" : 1,
      "ignore" : 1,
      "hidden" : 0,
      "outputPathIsSetByUser" : 0,
      "inputAbbreviatedPath" : "\/application\/models\/group_model.php",
      "outputAbbreviatedPath" : "No Output Path",
      "fileType" : 2048
    },
    "\/application\/views\/user\/signup.php" : {
      "ignoreWasSetByUser" : 0,
      "ignore" : 0,
      "hidden" : 0,
      "outputPathIsSetByUser" : 0,
      "inputAbbreviatedPath" : "\/application\/views\/user\/signup.php",
      "outputAbbreviatedPath" : "No Output Path",
      "fileType" : 2048
    },
    "\/assets\/less\/modals.less" : {
      "ieCompatibility" : 1,
      "inputAbbreviatedPath" : "\/assets\/less\/modals.less",
      "outputAbbreviatedPath" : "\/assets\/css\/modals.css",
      "outputPathIsSetByUser" : 0,
      "strictUnits" : 0,
      "relativeURLS" : 0,
      "ignore" : 1,
      "strictImports" : 0,
      "ignoreWasSetByUser" : 0,
      "shouldRunBless" : 0,
      "hidden" : 0,
      "strictMath" : 0,
      "outputStyle" : 0,
      "fileType" : 1,
      "debugStyle" : 0
    },
    "\/assets\/less\/print.less" : {
      "ieCompatibility" : 1,
      "inputAbbreviatedPath" : "\/assets\/less\/print.less",
      "outputAbbreviatedPath" : "\/assets\/css\/print.css",
      "outputPathIsSetByUser" : 0,
      "strictUnits" : 0,
      "relativeURLS" : 0,
      "ignore" : 1,
      "strictImports" : 0,
      "ignoreWasSetByUser" : 0,
      "shouldRunBless" : 0,
      "hidden" : 0,
      "strictMath" : 0,
      "outputStyle" : 0,
      "fileType" : 1,
      "debugStyle" : 0
    },
    "\/assets\/images\/icon-viz.png" : {
      "ignoreWasSetByUser" : 0,
      "ignore" : 0,
      "hidden" : 0,
      "outputPathIsSetByUser" : 0,
      "inputAbbreviatedPath" : "\/assets\/images\/icon-viz.png",
      "processed" : 0,
      "outputAbbreviatedPath" : "\/assets\/images\/icon-viz.png",
      "initialSize" : 2128,
      "fileType" : 8192
    },
    "\/assets\/less\/mixins\/resize.less" : {
      "ieCompatibility" : 1,
      "inputAbbreviatedPath" : "\/assets\/less\/mixins\/resize.less",
      "outputAbbreviatedPath" : "\/assets\/less\/css\/resize.css",
      "outputPathIsSetByUser" : 0,
      "strictUnits" : 0,
      "relativeURLS" : 0,
      "ignore" : 1,
      "strictImports" : 0,
      "ignoreWasSetByUser" : 0,
      "shouldRunBless" : 0,
      "hidden" : 0,
      "strictMath" : 0,
      "outputStyle" : 0,
      "fileType" : 1,
      "debugStyle" : 0
    },
    "\/application\/core\/index.html" : {
      "ignoreWasSetByUser" : 1,
      "ignore" : 1,
      "hidden" : 0,
      "outputPathIsSetByUser" : 0,
      "inputAbbreviatedPath" : "\/application\/core\/index.html",
      "outputAbbreviatedPath" : "No Output Path",
      "fileType" : 2048
    },
    "\/assets\/less\/mixins\/image.less" : {
      "ieCompatibility" : 1,
      "inputAbbreviatedPath" : "\/assets\/less\/mixins\/image.less",
      "outputAbbreviatedPath" : "\/assets\/less\/css\/image.css",
      "outputPathIsSetByUser" : 0,
      "strictUnits" : 0,
      "relativeURLS" : 0,
      "ignore" : 1,
      "strictImports" : 0,
      "ignoreWasSetByUser" : 0,
      "shouldRunBless" : 0,
      "hidden" : 0,
      "strictMath" : 0,
      "outputStyle" : 0,
      "fileType" : 1,
      "debugStyle" : 0
    },
    "\/application\/models\/user_model.php" : {
      "ignoreWasSetByUser" : 1,
      "ignore" : 1,
      "hidden" : 0,
      "outputPathIsSetByUser" : 0,
      "inputAbbreviatedPath" : "\/application\/models\/user_model.php",
      "outputAbbreviatedPath" : "No Output Path",
      "fileType" : 2048
    },
    "\/application\/libraries\/Device_laptop.php" : {
      "ignoreWasSetByUser" : 0,
      "ignore" : 0,
      "hidden" : 0,
      "outputPathIsSetByUser" : 0,
      "inputAbbreviatedPath" : "\/application\/libraries\/Device_laptop.php",
      "outputAbbreviatedPath" : "No Output Path",
      "fileType" : 2048
    },
    "\/assets\/less\/navbar.less" : {
      "ieCompatibility" : 1,
      "inputAbbreviatedPath" : "\/assets\/less\/navbar.less",
      "outputAbbreviatedPath" : "\/assets\/css\/navbar.css",
      "outputPathIsSetByUser" : 0,
      "strictUnits" : 0,
      "relativeURLS" : 0,
      "ignore" : 1,
      "strictImports" : 0,
      "ignoreWasSetByUser" : 0,
      "shouldRunBless" : 0,
      "hidden" : 0,
      "strictMath" : 0,
      "outputStyle" : 0,
      "fileType" : 1,
      "debugStyle" : 0
    },
    "\/application\/errors\/error_404.php" : {
      "ignoreWasSetByUser" : 1,
      "ignore" : 1,
      "hidden" : 0,
      "outputPathIsSetByUser" : 0,
      "inputAbbreviatedPath" : "\/application\/errors\/error_404.php",
      "outputAbbreviatedPath" : "No Output Path",
      "fileType" : 2048
    },
    "\/assets\/less\/glyphicons.less" : {
      "ieCompatibility" : 1,
      "inputAbbreviatedPath" : "\/assets\/less\/glyphicons.less",
      "outputAbbreviatedPath" : "\/assets\/css\/glyphicons.css",
      "outputPathIsSetByUser" : 0,
      "strictUnits" : 0,
      "relativeURLS" : 0,
      "ignore" : 1,
      "strictImports" : 0,
      "ignoreWasSetByUser" : 0,
      "shouldRunBless" : 0,
      "hidden" : 0,
      "strictMath" : 0,
      "outputStyle" : 0,
      "fileType" : 1,
      "debugStyle" : 0
    },
    "\/assets\/less\/buttons.less" : {
      "ieCompatibility" : 1,
      "inputAbbreviatedPath" : "\/assets\/less\/buttons.less",
      "outputAbbreviatedPath" : "\/assets\/css\/buttons.css",
      "outputPathIsSetByUser" : 0,
      "strictUnits" : 0,
      "relativeURLS" : 0,
      "ignore" : 1,
      "strictImports" : 0,
      "ignoreWasSetByUser" : 0,
      "shouldRunBless" : 0,
      "hidden" : 0,
      "strictMath" : 0,
      "outputStyle" : 0,
      "fileType" : 1,
      "debugStyle" : 0
    },
    "\/assets\/less\/popovers.less" : {
      "ieCompatibility" : 1,
      "inputAbbreviatedPath" : "\/assets\/less\/popovers.less",
      "outputAbbreviatedPath" : "\/assets\/css\/popovers.css",
      "outputPathIsSetByUser" : 0,
      "strictUnits" : 0,
      "relativeURLS" : 0,
      "ignore" : 1,
      "strictImports" : 0,
      "ignoreWasSetByUser" : 0,
      "shouldRunBless" : 0,
      "hidden" : 0,
      "strictMath" : 0,
      "outputStyle" : 0,
      "fileType" : 1,
      "debugStyle" : 0
    },
    "\/application\/config\/autoload.php" : {
      "ignoreWasSetByUser" : 1,
      "ignore" : 1,
      "hidden" : 0,
      "outputPathIsSetByUser" : 0,
      "inputAbbreviatedPath" : "\/application\/config\/autoload.php",
      "outputAbbreviatedPath" : "No Output Path",
      "fileType" : 2048
    },
    "\/assets\/less\/input-groups.less" : {
      "ieCompatibility" : 1,
      "inputAbbreviatedPath" : "\/assets\/less\/input-groups.less",
      "outputAbbreviatedPath" : "\/assets\/css\/input-groups.css",
      "outputPathIsSetByUser" : 0,
      "strictUnits" : 0,
      "relativeURLS" : 0,
      "ignore" : 1,
      "strictImports" : 0,
      "ignoreWasSetByUser" : 0,
      "shouldRunBless" : 0,
      "hidden" : 0,
      "strictMath" : 0,
      "outputStyle" : 0,
      "fileType" : 1,
      "debugStyle" : 0
    },
    "\/assets\/less\/pagination.less" : {
      "ieCompatibility" : 1,
      "inputAbbreviatedPath" : "\/assets\/less\/pagination.less",
      "outputAbbreviatedPath" : "\/assets\/css\/pagination.css",
      "outputPathIsSetByUser" : 0,
      "strictUnits" : 0,
      "relativeURLS" : 0,
      "ignore" : 1,
      "strictImports" : 0,
      "ignoreWasSetByUser" : 0,
      "shouldRunBless" : 0,
      "hidden" : 0,
      "strictMath" : 0,
      "outputStyle" : 0,
      "fileType" : 1,
      "debugStyle" : 0
    },
    "\/application\/config\/hooks.php" : {
      "ignoreWasSetByUser" : 1,
      "ignore" : 1,
      "hidden" : 0,
      "outputPathIsSetByUser" : 0,
      "inputAbbreviatedPath" : "\/application\/config\/hooks.php",
      "outputAbbreviatedPath" : "No Output Path",
      "fileType" : 2048
    },
    "\/assets\/less\/mixins\/background-variant.less" : {
      "ieCompatibility" : 1,
      "inputAbbreviatedPath" : "\/assets\/less\/mixins\/background-variant.less",
      "outputAbbreviatedPath" : "\/assets\/less\/css\/background-variant.css",
      "outputPathIsSetByUser" : 0,
      "strictUnits" : 0,
      "relativeURLS" : 0,
      "ignore" : 1,
      "strictImports" : 0,
      "ignoreWasSetByUser" : 0,
      "shouldRunBless" : 0,
      "hidden" : 0,
      "strictMath" : 0,
      "outputStyle" : 0,
      "fileType" : 1,
      "debugStyle" : 0
    },
    "\/assets\/less\/mixins\/forms.less" : {
      "ieCompatibility" : 1,
      "inputAbbreviatedPath" : "\/assets\/less\/mixins\/forms.less",
      "outputAbbreviatedPath" : "\/assets\/less\/css\/forms.css",
      "outputPathIsSetByUser" : 0,
      "strictUnits" : 0,
      "relativeURLS" : 0,
      "ignore" : 1,
      "strictImports" : 0,
      "ignoreWasSetByUser" : 0,
      "shouldRunBless" : 0,
      "hidden" : 0,
      "strictMath" : 0,
      "outputStyle" : 0,
      "fileType" : 1,
      "debugStyle" : 0
    },
    "\/application\/views\/site\/index.php" : {
      "ignoreWasSetByUser" : 0,
      "ignore" : 0,
      "hidden" : 0,
      "outputPathIsSetByUser" : 0,
      "inputAbbreviatedPath" : "\/application\/views\/site\/index.php",
      "outputAbbreviatedPath" : "No Output Path",
      "fileType" : 2048
    },
    "\/application\/language\/english\/index.html" : {
      "ignoreWasSetByUser" : 1,
      "ignore" : 1,
      "hidden" : 0,
      "outputPathIsSetByUser" : 0,
      "inputAbbreviatedPath" : "\/application\/language\/english\/index.html",
      "outputAbbreviatedPath" : "No Output Path",
      "fileType" : 2048
    },
    "\/assets\/css\/styles.css" : {
      "ignoreWasSetByUser" : 0,
      "ignore" : 1,
      "hidden" : 0,
      "outputPathIsSetByUser" : 0,
      "inputAbbreviatedPath" : "\/assets\/css\/styles.css",
      "outputAbbreviatedPath" : "No Output Path",
      "fileType" : 16
    },
    "\/application\/libraries\/Device_desktop.php" : {
      "ignoreWasSetByUser" : 0,
      "ignore" : 0,
      "hidden" : 0,
      "outputPathIsSetByUser" : 0,
      "inputAbbreviatedPath" : "\/application\/libraries\/Device_desktop.php",
      "outputAbbreviatedPath" : "No Output Path",
      "fileType" : 2048
    },
    "\/assets\/less\/mixins\/pagination.less" : {
      "ieCompatibility" : 1,
      "inputAbbreviatedPath" : "\/assets\/less\/mixins\/pagination.less",
      "outputAbbreviatedPath" : "\/assets\/less\/css\/pagination.css",
      "outputPathIsSetByUser" : 0,
      "strictUnits" : 0,
      "relativeURLS" : 0,
      "ignore" : 1,
      "strictImports" : 0,
      "ignoreWasSetByUser" : 0,
      "shouldRunBless" : 0,
      "hidden" : 0,
      "strictMath" : 0,
      "outputStyle" : 0,
      "fileType" : 1,
      "debugStyle" : 0
    },
    "\/assets\/less\/list-group.less" : {
      "ieCompatibility" : 1,
      "inputAbbreviatedPath" : "\/assets\/less\/list-group.less",
      "outputAbbreviatedPath" : "\/assets\/css\/list-group.css",
      "outputPathIsSetByUser" : 0,
      "strictUnits" : 0,
      "relativeURLS" : 0,
      "ignore" : 1,
      "strictImports" : 0,
      "ignoreWasSetByUser" : 0,
      "shouldRunBless" : 0,
      "hidden" : 0,
      "strictMath" : 0,
      "outputStyle" : 0,
      "fileType" : 1,
      "debugStyle" : 0
    },
    "\/assets\/less\/tooltip.less" : {
      "ieCompatibility" : 1,
      "inputAbbreviatedPath" : "\/assets\/less\/tooltip.less",
      "outputAbbreviatedPath" : "\/assets\/css\/tooltip.css",
      "outputPathIsSetByUser" : 0,
      "strictUnits" : 0,
      "relativeURLS" : 0,
      "ignore" : 1,
      "strictImports" : 0,
      "ignoreWasSetByUser" : 0,
      "shouldRunBless" : 0,
      "hidden" : 0,
      "strictMath" : 0,
      "outputStyle" : 0,
      "fileType" : 1,
      "debugStyle" : 0
    },
    "\/application\/config\/constants.php" : {
      "ignoreWasSetByUser" : 1,
      "ignore" : 1,
      "hidden" : 0,
      "outputPathIsSetByUser" : 0,
      "inputAbbreviatedPath" : "\/application\/config\/constants.php",
      "outputAbbreviatedPath" : "No Output Path",
      "fileType" : 2048
    },
    "\/application\/config\/config.php" : {
      "ignoreWasSetByUser" : 1,
      "ignore" : 1,
      "hidden" : 0,
      "outputPathIsSetByUser" : 0,
      "inputAbbreviatedPath" : "\/application\/config\/config.php",
      "outputAbbreviatedPath" : "No Output Path",
      "fileType" : 2048
    },
    "\/application\/views\/email\/verify.php" : {
      "ignoreWasSetByUser" : 0,
      "ignore" : 0,
      "hidden" : 0,
      "outputPathIsSetByUser" : 0,
      "inputAbbreviatedPath" : "\/application\/views\/email\/verify.php",
      "outputAbbreviatedPath" : "No Output Path",
      "fileType" : 2048
    },
    "\/application\/helpers\/index.html" : {
      "ignoreWasSetByUser" : 1,
      "ignore" : 1,
      "hidden" : 0,
      "outputPathIsSetByUser" : 0,
      "inputAbbreviatedPath" : "\/application\/helpers\/index.html",
      "outputAbbreviatedPath" : "No Output Path",
      "fileType" : 2048
    },
    "\/application\/config\/smileys.php" : {
      "ignoreWasSetByUser" : 1,
      "ignore" : 1,
      "hidden" : 0,
      "outputPathIsSetByUser" : 0,
      "inputAbbreviatedPath" : "\/application\/config\/smileys.php",
      "outputAbbreviatedPath" : "No Output Path",
      "fileType" : 2048
    },
    "\/application\/libraries\/index.html" : {
      "ignoreWasSetByUser" : 1,
      "ignore" : 1,
      "hidden" : 0,
      "outputPathIsSetByUser" : 0,
      "inputAbbreviatedPath" : "\/application\/libraries\/index.html",
      "outputAbbreviatedPath" : "No Output Path",
      "fileType" : 2048
    },
    "\/assets\/less\/normalize.less" : {
      "ieCompatibility" : 1,
      "inputAbbreviatedPath" : "\/assets\/less\/normalize.less",
      "outputAbbreviatedPath" : "\/assets\/css\/normalize.css",
      "outputPathIsSetByUser" : 0,
      "strictUnits" : 0,
      "relativeURLS" : 0,
      "ignore" : 1,
      "strictImports" : 0,
      "ignoreWasSetByUser" : 0,
      "shouldRunBless" : 0,
      "hidden" : 0,
      "strictMath" : 0,
      "outputStyle" : 0,
      "fileType" : 1,
      "debugStyle" : 0
    },
    "\/assets\/less\/mixins\/labels.less" : {
      "ieCompatibility" : 1,
      "inputAbbreviatedPath" : "\/assets\/less\/mixins\/labels.less",
      "outputAbbreviatedPath" : "\/assets\/less\/css\/labels.css",
      "outputPathIsSetByUser" : 0,
      "strictUnits" : 0,
      "relativeURLS" : 0,
      "ignore" : 1,
      "strictImports" : 0,
      "ignoreWasSetByUser" : 0,
      "shouldRunBless" : 0,
      "hidden" : 0,
      "strictMath" : 0,
      "outputStyle" : 0,
      "fileType" : 1,
      "debugStyle" : 0
    },
    "\/assets\/less\/mixins\/grid-framework.less" : {
      "ieCompatibility" : 1,
      "inputAbbreviatedPath" : "\/assets\/less\/mixins\/grid-framework.less",
      "outputAbbreviatedPath" : "\/assets\/less\/css\/grid-framework.css",
      "outputPathIsSetByUser" : 0,
      "strictUnits" : 0,
      "relativeURLS" : 0,
      "ignore" : 1,
      "strictImports" : 0,
      "ignoreWasSetByUser" : 0,
      "shouldRunBless" : 0,
      "hidden" : 0,
      "strictMath" : 0,
      "outputStyle" : 0,
      "fileType" : 1,
      "debugStyle" : 0
    },
    "\/assets\/less\/wells.less" : {
      "ieCompatibility" : 1,
      "inputAbbreviatedPath" : "\/assets\/less\/wells.less",
      "outputAbbreviatedPath" : "\/assets\/css\/wells.css",
      "outputPathIsSetByUser" : 0,
      "strictUnits" : 0,
      "relativeURLS" : 0,
      "ignore" : 1,
      "strictImports" : 0,
      "ignoreWasSetByUser" : 0,
      "shouldRunBless" : 0,
      "hidden" : 0,
      "strictMath" : 0,
      "outputStyle" : 0,
      "fileType" : 1,
      "debugStyle" : 0
    },
    "\/assets\/less\/utilities.less" : {
      "ieCompatibility" : 1,
      "inputAbbreviatedPath" : "\/assets\/less\/utilities.less",
      "outputAbbreviatedPath" : "\/assets\/css\/utilities.css",
      "outputPathIsSetByUser" : 0,
      "strictUnits" : 0,
      "relativeURLS" : 0,
      "ignore" : 1,
      "strictImports" : 0,
      "ignoreWasSetByUser" : 0,
      "shouldRunBless" : 0,
      "hidden" : 0,
      "strictMath" : 0,
      "outputStyle" : 0,
      "fileType" : 1,
      "debugStyle" : 0
    },
    "\/application\/views\/device\/mobile.php" : {
      "ignoreWasSetByUser" : 0,
      "ignore" : 0,
      "hidden" : 0,
      "outputPathIsSetByUser" : 0,
      "inputAbbreviatedPath" : "\/application\/views\/device\/mobile.php",
      "outputAbbreviatedPath" : "No Output Path",
      "fileType" : 2048
    },
    "\/application\/controllers\/data.php" : {
      "ignoreWasSetByUser" : 1,
      "ignore" : 1,
      "hidden" : 0,
      "outputPathIsSetByUser" : 0,
      "inputAbbreviatedPath" : "\/application\/controllers\/data.php",
      "outputAbbreviatedPath" : "No Output Path",
      "fileType" : 2048
    },
    "\/application\/views\/site\/edit.php" : {
      "ignoreWasSetByUser" : 0,
      "ignore" : 0,
      "hidden" : 0,
      "outputPathIsSetByUser" : 0,
      "inputAbbreviatedPath" : "\/application\/views\/site\/edit.php",
      "outputAbbreviatedPath" : "No Output Path",
      "fileType" : 2048
    },
    "\/application\/libraries\/MY_Parser.php" : {
      "ignoreWasSetByUser" : 1,
      "ignore" : 1,
      "hidden" : 0,
      "outputPathIsSetByUser" : 0,
      "inputAbbreviatedPath" : "\/application\/libraries\/MY_Parser.php",
      "outputAbbreviatedPath" : "No Output Path",
      "fileType" : 2048
    },
    "\/application\/views\/index.php" : {
      "ignoreWasSetByUser" : 1,
      "ignore" : 0,
      "hidden" : 0,
      "outputPathIsSetByUser" : 0,
      "inputAbbreviatedPath" : "\/application\/views\/index.php",
      "outputAbbreviatedPath" : "No Output Path",
      "fileType" : 2048
    },
    "\/application\/libraries\/Device_mobile.php" : {
      "ignoreWasSetByUser" : 0,
      "ignore" : 0,
      "hidden" : 0,
      "outputPathIsSetByUser" : 0,
      "inputAbbreviatedPath" : "\/application\/libraries\/Device_mobile.php",
      "outputAbbreviatedPath" : "No Output Path",
      "fileType" : 2048
    },
    "\/application\/views\/period\/edit.php" : {
      "ignoreWasSetByUser" : 0,
      "ignore" : 0,
      "hidden" : 0,
      "outputPathIsSetByUser" : 0,
      "inputAbbreviatedPath" : "\/application\/views\/period\/edit.php",
      "outputAbbreviatedPath" : "No Output Path",
      "fileType" : 2048
    },
    "\/application\/config\/foreign_chars.php" : {
      "ignoreWasSetByUser" : 1,
      "ignore" : 1,
      "hidden" : 0,
      "outputPathIsSetByUser" : 0,
      "inputAbbreviatedPath" : "\/application\/config\/foreign_chars.php",
      "outputAbbreviatedPath" : "No Output Path",
      "fileType" : 2048
    },
    "\/assets\/less\/mixins\/table-row.less" : {
      "ieCompatibility" : 1,
      "inputAbbreviatedPath" : "\/assets\/less\/mixins\/table-row.less",
      "outputAbbreviatedPath" : "\/assets\/less\/css\/table-row.css",
      "outputPathIsSetByUser" : 0,
      "strictUnits" : 0,
      "relativeURLS" : 0,
      "ignore" : 1,
      "strictImports" : 0,
      "ignoreWasSetByUser" : 0,
      "shouldRunBless" : 0,
      "hidden" : 0,
      "strictMath" : 0,
      "outputStyle" : 0,
      "fileType" : 1,
      "debugStyle" : 0
    },
    "\/assets\/less\/pager.less" : {
      "ieCompatibility" : 1,
      "inputAbbreviatedPath" : "\/assets\/less\/pager.less",
      "outputAbbreviatedPath" : "\/assets\/css\/pager.css",
      "outputPathIsSetByUser" : 0,
      "strictUnits" : 0,
      "relativeURLS" : 0,
      "ignore" : 1,
      "strictImports" : 0,
      "ignoreWasSetByUser" : 0,
      "shouldRunBless" : 0,
      "hidden" : 0,
      "strictMath" : 0,
      "outputStyle" : 0,
      "fileType" : 1,
      "debugStyle" : 0
    },
    "\/assets\/less\/code.less" : {
      "ieCompatibility" : 1,
      "inputAbbreviatedPath" : "\/assets\/less\/code.less",
      "outputAbbreviatedPath" : "\/assets\/css\/code.css",
      "outputPathIsSetByUser" : 0,
      "strictUnits" : 0,
      "relativeURLS" : 0,
      "ignore" : 1,
      "strictImports" : 0,
      "ignoreWasSetByUser" : 0,
      "shouldRunBless" : 0,
      "hidden" : 0,
      "strictMath" : 0,
      "outputStyle" : 0,
      "fileType" : 1,
      "debugStyle" : 0
    },
    "\/assets\/less\/styles.less" : {
      "ieCompatibility" : 1,
      "inputAbbreviatedPath" : "\/assets\/less\/styles.less",
      "outputAbbreviatedPath" : "\/assets\/css\/styles.css",
      "outputPathIsSetByUser" : 0,
      "strictUnits" : 0,
      "relativeURLS" : 0,
      "ignore" : 0,
      "strictImports" : 0,
      "ignoreWasSetByUser" : 0,
      "shouldRunBless" : 0,
      "hidden" : 0,
      "strictMath" : 0,
      "outputStyle" : 0,
      "fileType" : 1,
      "debugStyle" : 0
    },
    "\/assets\/less\/mixins\/opacity.less" : {
      "ieCompatibility" : 1,
      "inputAbbreviatedPath" : "\/assets\/less\/mixins\/opacity.less",
      "outputAbbreviatedPath" : "\/assets\/less\/css\/opacity.css",
      "outputPathIsSetByUser" : 0,
      "strictUnits" : 0,
      "relativeURLS" : 0,
      "ignore" : 1,
      "strictImports" : 0,
      "ignoreWasSetByUser" : 0,
      "shouldRunBless" : 0,
      "hidden" : 0,
      "strictMath" : 0,
      "outputStyle" : 0,
      "fileType" : 1,
      "debugStyle" : 0
    },
    "\/application\/models\/site_model.php" : {
      "ignoreWasSetByUser" : 1,
      "ignore" : 1,
      "hidden" : 0,
      "outputPathIsSetByUser" : 0,
      "inputAbbreviatedPath" : "\/application\/models\/site_model.php",
      "outputAbbreviatedPath" : "No Output Path",
      "fileType" : 2048
    },
    "\/application\/views\/data\/clear.php" : {
      "ignoreWasSetByUser" : 0,
      "ignore" : 0,
      "hidden" : 0,
      "outputPathIsSetByUser" : 0,
      "inputAbbreviatedPath" : "\/application\/views\/data\/clear.php",
      "outputAbbreviatedPath" : "No Output Path",
      "fileType" : 2048
    },
    "\/application\/config\/development\/database.php" : {
      "ignoreWasSetByUser" : 1,
      "ignore" : 1,
      "hidden" : 0,
      "outputPathIsSetByUser" : 0,
      "inputAbbreviatedPath" : "\/application\/config\/development\/database.php",
      "outputAbbreviatedPath" : "No Output Path",
      "fileType" : 2048
    },
    "\/application\/views\/user\/account.php" : {
      "ignoreWasSetByUser" : 0,
      "ignore" : 0,
      "hidden" : 0,
      "outputPathIsSetByUser" : 0,
      "inputAbbreviatedPath" : "\/application\/views\/user\/account.php",
      "outputAbbreviatedPath" : "No Output Path",
      "fileType" : 2048
    },
    "\/application\/errors\/error_php.php" : {
      "ignoreWasSetByUser" : 1,
      "ignore" : 1,
      "hidden" : 0,
      "outputPathIsSetByUser" : 0,
      "inputAbbreviatedPath" : "\/application\/errors\/error_php.php",
      "outputAbbreviatedPath" : "No Output Path",
      "fileType" : 2048
    },
    "\/assets\/less\/variables.less" : {
      "ieCompatibility" : 1,
      "inputAbbreviatedPath" : "\/assets\/less\/variables.less",
      "outputAbbreviatedPath" : "\/assets\/css\/variables.css",
      "outputPathIsSetByUser" : 0,
      "strictUnits" : 0,
      "relativeURLS" : 0,
      "ignore" : 1,
      "strictImports" : 0,
      "ignoreWasSetByUser" : 0,
      "shouldRunBless" : 0,
      "hidden" : 0,
      "strictMath" : 0,
      "outputStyle" : 0,
      "fileType" : 1,
      "debugStyle" : 0
    },
    "\/assets\/less\/mixins\/center-block.less" : {
      "ieCompatibility" : 1,
      "inputAbbreviatedPath" : "\/assets\/less\/mixins\/center-block.less",
      "outputAbbreviatedPath" : "\/assets\/less\/css\/center-block.css",
      "outputPathIsSetByUser" : 0,
      "strictUnits" : 0,
      "relativeURLS" : 0,
      "ignore" : 1,
      "strictImports" : 0,
      "ignoreWasSetByUser" : 0,
      "shouldRunBless" : 0,
      "hidden" : 0,
      "strictMath" : 0,
      "outputStyle" : 0,
      "fileType" : 1,
      "debugStyle" : 0
    },
    "\/assets\/less\/alerts.less" : {
      "ieCompatibility" : 1,
      "inputAbbreviatedPath" : "\/assets\/less\/alerts.less",
      "outputAbbreviatedPath" : "\/assets\/css\/alerts.css",
      "outputPathIsSetByUser" : 0,
      "strictUnits" : 0,
      "relativeURLS" : 0,
      "ignore" : 1,
      "strictImports" : 0,
      "ignoreWasSetByUser" : 0,
      "shouldRunBless" : 0,
      "hidden" : 0,
      "strictMath" : 0,
      "outputStyle" : 0,
      "fileType" : 1,
      "debugStyle" : 0
    },
    "\/application\/libraries\/MY_DSO.php" : {
      "ignoreWasSetByUser" : 1,
      "ignore" : 1,
      "hidden" : 0,
      "outputPathIsSetByUser" : 0,
      "inputAbbreviatedPath" : "\/application\/libraries\/MY_DSO.php",
      "outputAbbreviatedPath" : "No Output Path",
      "fileType" : 2048
    },
    "\/application\/views\/email\/verify_reset.php" : {
      "ignoreWasSetByUser" : 0,
      "ignore" : 0,
      "hidden" : 0,
      "outputPathIsSetByUser" : 0,
      "inputAbbreviatedPath" : "\/application\/views\/email\/verify_reset.php",
      "outputAbbreviatedPath" : "No Output Path",
      "fileType" : 2048
    },
    "\/application\/cache\/index.html" : {
      "ignoreWasSetByUser" : 1,
      "ignore" : 1,
      "hidden" : 0,
      "outputPathIsSetByUser" : 0,
      "inputAbbreviatedPath" : "\/application\/cache\/index.html",
      "outputAbbreviatedPath" : "No Output Path",
      "fileType" : 2048
    },
    "\/assets\/js\/scrollReveal.min.js" : {
      "ignoreWasSetByUser" : 0,
      "ignore" : 0,
      "hidden" : 0,
      "outputPathIsSetByUser" : 0,
      "inputAbbreviatedPath" : "\/assets\/js\/scrollReveal.min.js",
      "outputStyle" : 1,
      "syntaxCheckerStyle" : 0,
      "outputAbbreviatedPath" : "\/assets\/js\/scrollReveal.min-ck.js",
      "fileType" : 64
    },
    "\/application\/index.html" : {
      "ignoreWasSetByUser" : 1,
      "ignore" : 1,
      "hidden" : 0,
      "outputPathIsSetByUser" : 0,
      "inputAbbreviatedPath" : "\/application\/index.html",
      "outputAbbreviatedPath" : "No Output Path",
      "fileType" : 2048
    },
    "\/application\/third_party\/index.html" : {
      "ignoreWasSetByUser" : 1,
      "ignore" : 1,
      "hidden" : 0,
      "outputPathIsSetByUser" : 0,
      "inputAbbreviatedPath" : "\/application\/third_party\/index.html",
      "outputAbbreviatedPath" : "No Output Path",
      "fileType" : 2048
    },
    "\/assets\/css\/bootstrap.min.css" : {
      "ignoreWasSetByUser" : 0,
      "ignore" : 0,
      "hidden" : 0,
      "outputPathIsSetByUser" : 0,
      "inputAbbreviatedPath" : "\/assets\/css\/bootstrap.min.css",
      "outputAbbreviatedPath" : "No Output Path",
      "fileType" : 16
    },
    "\/assets\/less\/responsive-utilities.less" : {
      "ieCompatibility" : 1,
      "inputAbbreviatedPath" : "\/assets\/less\/responsive-utilities.less",
      "outputAbbreviatedPath" : "\/assets\/css\/responsive-utilities.css",
      "outputPathIsSetByUser" : 0,
      "strictUnits" : 0,
      "relativeURLS" : 0,
      "ignore" : 1,
      "strictImports" : 0,
      "ignoreWasSetByUser" : 0,
      "shouldRunBless" : 0,
      "hidden" : 0,
      "strictMath" : 0,
      "outputStyle" : 0,
      "fileType" : 1,
      "debugStyle" : 0
    },
    "\/assets\/less\/tables.less" : {
      "ieCompatibility" : 1,
      "inputAbbreviatedPath" : "\/assets\/less\/tables.less",
      "outputAbbreviatedPath" : "\/assets\/css\/tables.css",
      "outputPathIsSetByUser" : 0,
      "strictUnits" : 0,
      "relativeURLS" : 0,
      "ignore" : 1,
      "strictImports" : 0,
      "ignoreWasSetByUser" : 0,
      "shouldRunBless" : 0,
      "hidden" : 0,
      "strictMath" : 0,
      "outputStyle" : 0,
      "fileType" : 1,
      "debugStyle" : 0
    },
    "\/assets\/css\/bootstrap.css" : {
      "ignoreWasSetByUser" : 0,
      "ignore" : 1,
      "hidden" : 0,
      "outputPathIsSetByUser" : 0,
      "inputAbbreviatedPath" : "\/assets\/css\/bootstrap.css",
      "outputAbbreviatedPath" : "No Output Path",
      "fileType" : 16
    },
    "\/assets\/less\/bootstrap.less" : {
      "ieCompatibility" : 1,
      "inputAbbreviatedPath" : "\/assets\/less\/bootstrap.less",
      "outputAbbreviatedPath" : "\/assets\/css\/bootstrap.css",
      "outputPathIsSetByUser" : 0,
      "strictUnits" : 0,
      "relativeURLS" : 0,
      "ignore" : 1,
      "strictImports" : 0,
      "ignoreWasSetByUser" : 0,
      "shouldRunBless" : 0,
      "hidden" : 0,
      "strictMath" : 0,
      "outputStyle" : 0,
      "fileType" : 1,
      "debugStyle" : 0
    },
    "\/assets\/less\/mixins\/tab-focus.less" : {
      "ieCompatibility" : 1,
      "inputAbbreviatedPath" : "\/assets\/less\/mixins\/tab-focus.less",
      "outputAbbreviatedPath" : "\/assets\/less\/css\/tab-focus.css",
      "outputPathIsSetByUser" : 0,
      "strictUnits" : 0,
      "relativeURLS" : 0,
      "ignore" : 1,
      "strictImports" : 0,
      "ignoreWasSetByUser" : 0,
      "shouldRunBless" : 0,
      "hidden" : 0,
      "strictMath" : 0,
      "outputStyle" : 0,
      "fileType" : 1,
      "debugStyle" : 0
    },
    "\/assets\/less\/mixins\/progress-bar.less" : {
      "ieCompatibility" : 1,
      "inputAbbreviatedPath" : "\/assets\/less\/mixins\/progress-bar.less",
      "outputAbbreviatedPath" : "\/assets\/less\/css\/progress-bar.css",
      "outputPathIsSetByUser" : 0,
      "strictUnits" : 0,
      "relativeURLS" : 0,
      "ignore" : 1,
      "strictImports" : 0,
      "ignoreWasSetByUser" : 0,
      "shouldRunBless" : 0,
      "hidden" : 0,
      "strictMath" : 0,
      "outputStyle" : 0,
      "fileType" : 1,
      "debugStyle" : 0
    },
    "\/application\/hooks\/index.html" : {
      "ignoreWasSetByUser" : 1,
      "ignore" : 1,
      "hidden" : 0,
      "outputPathIsSetByUser" : 0,
      "inputAbbreviatedPath" : "\/application\/hooks\/index.html",
      "outputAbbreviatedPath" : "No Output Path",
      "fileType" : 2048
    },
    "\/application\/views\/site\/manage.php" : {
      "ignoreWasSetByUser" : 0,
      "ignore" : 0,
      "hidden" : 0,
      "outputPathIsSetByUser" : 0,
      "inputAbbreviatedPath" : "\/application\/views\/site\/manage.php",
      "outputAbbreviatedPath" : "No Output Path",
      "fileType" : 2048
    },
    "\/assets\/less\/navs.less" : {
      "ieCompatibility" : 1,
      "inputAbbreviatedPath" : "\/assets\/less\/navs.less",
      "outputAbbreviatedPath" : "\/assets\/css\/navs.css",
      "outputPathIsSetByUser" : 0,
      "strictUnits" : 0,
      "relativeURLS" : 0,
      "ignore" : 1,
      "strictImports" : 0,
      "ignoreWasSetByUser" : 0,
      "shouldRunBless" : 0,
      "hidden" : 0,
      "strictMath" : 0,
      "outputStyle" : 0,
      "fileType" : 1,
      "debugStyle" : 0
    },
    "\/application\/config\/user_agents.php" : {
      "ignoreWasSetByUser" : 1,
      "ignore" : 1,
      "hidden" : 0,
      "outputPathIsSetByUser" : 0,
      "inputAbbreviatedPath" : "\/application\/config\/user_agents.php",
      "outputAbbreviatedPath" : "No Output Path",
      "fileType" : 2048
    },
    "\/application\/views\/dashboard.php" : {
      "ignoreWasSetByUser" : 0,
      "ignore" : 0,
      "hidden" : 0,
      "outputPathIsSetByUser" : 0,
      "inputAbbreviatedPath" : "\/application\/views\/dashboard.php",
      "outputAbbreviatedPath" : "No Output Path",
      "fileType" : 2048
    },
    "\/application\/controllers\/period.php" : {
      "ignoreWasSetByUser" : 1,
      "ignore" : 1,
      "hidden" : 0,
      "outputPathIsSetByUser" : 0,
      "inputAbbreviatedPath" : "\/application\/controllers\/period.php",
      "outputAbbreviatedPath" : "No Output Path",
      "fileType" : 2048
    },
    "\/application\/views\/user\/pending.php" : {
      "ignoreWasSetByUser" : 0,
      "ignore" : 0,
      "hidden" : 0,
      "outputPathIsSetByUser" : 0,
      "inputAbbreviatedPath" : "\/application\/views\/user\/pending.php",
      "outputAbbreviatedPath" : "No Output Path",
      "fileType" : 2048
    },
    "\/assets\/css\/bootstrap-theme.css" : {
      "ignoreWasSetByUser" : 0,
      "ignore" : 0,
      "hidden" : 0,
      "outputPathIsSetByUser" : 0,
      "inputAbbreviatedPath" : "\/assets\/css\/bootstrap-theme.css",
      "outputAbbreviatedPath" : "No Output Path",
      "fileType" : 16
    },
    "\/application\/config\/production\/config.php" : {
      "ignoreWasSetByUser" : 1,
      "ignore" : 1,
      "hidden" : 0,
      "outputPathIsSetByUser" : 0,
      "inputAbbreviatedPath" : "\/application\/config\/production\/config.php",
      "outputAbbreviatedPath" : "No Output Path",
      "fileType" : 2048
    },
    "\/assets\/less\/component-animations.less" : {
      "ieCompatibility" : 1,
      "inputAbbreviatedPath" : "\/assets\/less\/component-animations.less",
      "outputAbbreviatedPath" : "\/assets\/css\/component-animations.css",
      "outputPathIsSetByUser" : 0,
      "strictUnits" : 0,
      "relativeURLS" : 0,
      "ignore" : 1,
      "strictImports" : 0,
      "ignoreWasSetByUser" : 0,
      "shouldRunBless" : 0,
      "hidden" : 0,
      "strictMath" : 0,
      "outputStyle" : 0,
      "fileType" : 1,
      "debugStyle" : 0
    },
    "\/assets\/less\/carousel.less" : {
      "ieCompatibility" : 1,
      "inputAbbreviatedPath" : "\/assets\/less\/carousel.less",
      "outputAbbreviatedPath" : "\/assets\/css\/carousel.css",
      "outputPathIsSetByUser" : 0,
      "strictUnits" : 0,
      "relativeURLS" : 0,
      "ignore" : 1,
      "strictImports" : 0,
      "ignoreWasSetByUser" : 0,
      "shouldRunBless" : 0,
      "hidden" : 0,
      "strictMath" : 0,
      "outputStyle" : 0,
      "fileType" : 1,
      "debugStyle" : 0
    },
    "\/assets\/css\/bootstrap-theme.min.css" : {
      "ignoreWasSetByUser" : 0,
      "ignore" : 0,
      "hidden" : 0,
      "outputPathIsSetByUser" : 0,
      "inputAbbreviatedPath" : "\/assets\/css\/bootstrap-theme.min.css",
      "outputAbbreviatedPath" : "No Output Path",
      "fileType" : 16
    },
    "\/assets\/less\/badges.less" : {
      "ieCompatibility" : 1,
      "inputAbbreviatedPath" : "\/assets\/less\/badges.less",
      "outputAbbreviatedPath" : "\/assets\/css\/badges.css",
      "outputPathIsSetByUser" : 0,
      "strictUnits" : 0,
      "relativeURLS" : 0,
      "ignore" : 1,
      "strictImports" : 0,
      "ignoreWasSetByUser" : 0,
      "shouldRunBless" : 0,
      "hidden" : 0,
      "strictMath" : 0,
      "outputStyle" : 0,
      "fileType" : 1,
      "debugStyle" : 0
    },
    "\/application\/views\/email\/head.php" : {
      "ignoreWasSetByUser" : 0,
      "ignore" : 0,
      "hidden" : 0,
      "outputPathIsSetByUser" : 0,
      "inputAbbreviatedPath" : "\/application\/views\/email\/head.php",
      "outputAbbreviatedPath" : "No Output Path",
      "fileType" : 2048
    },
    "\/application\/config\/migration.php" : {
      "ignoreWasSetByUser" : 1,
      "ignore" : 1,
      "hidden" : 0,
      "outputPathIsSetByUser" : 0,
      "inputAbbreviatedPath" : "\/application\/config\/migration.php",
      "outputAbbreviatedPath" : "No Output Path",
      "fileType" : 2048
    },
    "\/assets\/less\/mixins\/reset-filter.less" : {
      "ieCompatibility" : 1,
      "inputAbbreviatedPath" : "\/assets\/less\/mixins\/reset-filter.less",
      "outputAbbreviatedPath" : "\/assets\/less\/css\/reset-filter.css",
      "outputPathIsSetByUser" : 0,
      "strictUnits" : 0,
      "relativeURLS" : 0,
      "ignore" : 1,
      "strictImports" : 0,
      "ignoreWasSetByUser" : 0,
      "shouldRunBless" : 0,
      "hidden" : 0,
      "strictMath" : 0,
      "outputStyle" : 0,
      "fileType" : 1,
      "debugStyle" : 0
    },
    "\/assets\/less\/jumbotron.less" : {
      "ieCompatibility" : 1,
      "inputAbbreviatedPath" : "\/assets\/less\/jumbotron.less",
      "outputAbbreviatedPath" : "\/assets\/css\/jumbotron.css",
      "outputPathIsSetByUser" : 0,
      "strictUnits" : 0,
      "relativeURLS" : 0,
      "ignore" : 1,
      "strictImports" : 0,
      "ignoreWasSetByUser" : 0,
      "shouldRunBless" : 0,
      "hidden" : 0,
      "strictMath" : 0,
      "outputStyle" : 0,
      "fileType" : 1,
      "debugStyle" : 0
    },
    "\/assets\/images\/icon-ga-csv.png" : {
      "ignoreWasSetByUser" : 0,
      "ignore" : 0,
      "hidden" : 0,
      "outputPathIsSetByUser" : 0,
      "inputAbbreviatedPath" : "\/assets\/images\/icon-ga-csv.png",
      "processed" : 0,
      "outputAbbreviatedPath" : "\/assets\/images\/icon-ga-csv.png",
      "initialSize" : 10948,
      "fileType" : 8192
    },
    "\/assets\/less\/responsive-embed.less" : {
      "ieCompatibility" : 1,
      "inputAbbreviatedPath" : "\/assets\/less\/responsive-embed.less",
      "outputAbbreviatedPath" : "\/assets\/css\/responsive-embed.css",
      "outputPathIsSetByUser" : 0,
      "strictUnits" : 0,
      "relativeURLS" : 0,
      "ignore" : 1,
      "strictImports" : 0,
      "ignoreWasSetByUser" : 0,
      "shouldRunBless" : 0,
      "hidden" : 0,
      "strictMath" : 0,
      "outputStyle" : 0,
      "fileType" : 1,
      "debugStyle" : 0
    },
    "\/application\/errors\/error_db.php" : {
      "ignoreWasSetByUser" : 1,
      "ignore" : 1,
      "hidden" : 0,
      "outputPathIsSetByUser" : 0,
      "inputAbbreviatedPath" : "\/application\/errors\/error_db.php",
      "outputAbbreviatedPath" : "No Output Path",
      "fileType" : 2048
    },
    "\/application\/views\/user\/password\/reset.php" : {
      "ignoreWasSetByUser" : 0,
      "ignore" : 0,
      "hidden" : 0,
      "outputPathIsSetByUser" : 0,
      "inputAbbreviatedPath" : "\/application\/views\/user\/password\/reset.php",
      "outputAbbreviatedPath" : "No Output Path",
      "fileType" : 2048
    },
    "\/application\/views\/user\/login.php" : {
      "ignoreWasSetByUser" : 1,
      "ignore" : 0,
      "hidden" : 0,
      "outputPathIsSetByUser" : 0,
      "inputAbbreviatedPath" : "\/application\/views\/user\/login.php",
      "outputAbbreviatedPath" : "No Output Path",
      "fileType" : 2048
    },
    "\/application\/config\/form_validation.php" : {
      "ignoreWasSetByUser" : 1,
      "ignore" : 1,
      "hidden" : 0,
      "outputPathIsSetByUser" : 0,
      "inputAbbreviatedPath" : "\/application\/config\/form_validation.php",
      "outputAbbreviatedPath" : "No Output Path",
      "fileType" : 2048
    },
    "\/assets\/less\/panels.less" : {
      "ieCompatibility" : 1,
      "inputAbbreviatedPath" : "\/assets\/less\/panels.less",
      "outputAbbreviatedPath" : "\/assets\/css\/panels.css",
      "outputPathIsSetByUser" : 0,
      "strictUnits" : 0,
      "relativeURLS" : 0,
      "ignore" : 1,
      "strictImports" : 0,
      "ignoreWasSetByUser" : 0,
      "shouldRunBless" : 0,
      "hidden" : 0,
      "strictMath" : 0,
      "outputStyle" : 0,
      "fileType" : 1,
      "debugStyle" : 0
    },
    "\/assets\/js\/bootstrap.js" : {
      "ignoreWasSetByUser" : 0,
      "ignore" : 0,
      "hidden" : 0,
      "outputPathIsSetByUser" : 0,
      "inputAbbreviatedPath" : "\/assets\/js\/bootstrap.js",
      "outputStyle" : 1,
      "syntaxCheckerStyle" : 0,
      "outputAbbreviatedPath" : "\/assets\/js\/bootstrap-ck.js",
      "fileType" : 64
    },
    "\/assets\/js\/bootstrap.min.js" : {
      "ignoreWasSetByUser" : 0,
      "ignore" : 0,
      "hidden" : 0,
      "outputPathIsSetByUser" : 0,
      "inputAbbreviatedPath" : "\/assets\/js\/bootstrap.min.js",
      "outputStyle" : 1,
      "syntaxCheckerStyle" : 0,
      "outputAbbreviatedPath" : "\/assets\/js\/bootstrap.min-ck.js",
      "fileType" : 64
    },
    "\/application\/views\/user\/disabled.php" : {
      "ignoreWasSetByUser" : 0,
      "ignore" : 0,
      "hidden" : 0,
      "outputPathIsSetByUser" : 0,
      "inputAbbreviatedPath" : "\/application\/views\/user\/disabled.php",
      "outputAbbreviatedPath" : "No Output Path",
      "fileType" : 2048
    },
    "\/application\/views\/user\/resend_verification.php" : {
      "ignoreWasSetByUser" : 0,
      "ignore" : 0,
      "hidden" : 0,
      "outputPathIsSetByUser" : 0,
      "inputAbbreviatedPath" : "\/application\/views\/user\/resend_verification.php",
      "outputAbbreviatedPath" : "No Output Path",
      "fileType" : 2048
    },
    "\/assets\/images\/icon-wireframe.png" : {
      "ignoreWasSetByUser" : 0,
      "ignore" : 0,
      "hidden" : 0,
      "outputPathIsSetByUser" : 0,
      "inputAbbreviatedPath" : "\/assets\/images\/icon-wireframe.png",
      "processed" : 0,
      "outputAbbreviatedPath" : "\/assets\/images\/icon-wireframe.png",
      "initialSize" : 6255,
      "fileType" : 8192
    },
    "\/assets\/less\/button-groups.less" : {
      "ieCompatibility" : 1,
      "inputAbbreviatedPath" : "\/assets\/less\/button-groups.less",
      "outputAbbreviatedPath" : "\/assets\/css\/button-groups.css",
      "outputPathIsSetByUser" : 0,
      "strictUnits" : 0,
      "relativeURLS" : 0,
      "ignore" : 1,
      "strictImports" : 0,
      "ignoreWasSetByUser" : 0,
      "shouldRunBless" : 0,
      "hidden" : 0,
      "strictMath" : 0,
      "outputStyle" : 0,
      "fileType" : 1,
      "debugStyle" : 0
    },
    "\/assets\/less\/mixins\/nav-divider.less" : {
      "ieCompatibility" : 1,
      "inputAbbreviatedPath" : "\/assets\/less\/mixins\/nav-divider.less",
      "outputAbbreviatedPath" : "\/assets\/less\/css\/nav-divider.css",
      "outputPathIsSetByUser" : 0,
      "strictUnits" : 0,
      "relativeURLS" : 0,
      "ignore" : 1,
      "strictImports" : 0,
      "ignoreWasSetByUser" : 0,
      "shouldRunBless" : 0,
      "hidden" : 0,
      "strictMath" : 0,
      "outputStyle" : 0,
      "fileType" : 1,
      "debugStyle" : 0
    },
    "\/application\/models\/data_model.php" : {
      "ignoreWasSetByUser" : 1,
      "ignore" : 1,
      "hidden" : 0,
      "outputPathIsSetByUser" : 0,
      "inputAbbreviatedPath" : "\/application\/models\/data_model.php",
      "outputAbbreviatedPath" : "No Output Path",
      "fileType" : 2048
    },
    "\/application\/models\/period_model.php" : {
      "ignoreWasSetByUser" : 1,
      "ignore" : 1,
      "hidden" : 0,
      "outputPathIsSetByUser" : 0,
      "inputAbbreviatedPath" : "\/application\/models\/period_model.php",
      "outputAbbreviatedPath" : "No Output Path",
      "fileType" : 2048
    },
    "\/assets\/less\/mixins\/clearfix.less" : {
      "ieCompatibility" : 1,
      "inputAbbreviatedPath" : "\/assets\/less\/mixins\/clearfix.less",
      "outputAbbreviatedPath" : "\/assets\/less\/css\/clearfix.css",
      "outputPathIsSetByUser" : 0,
      "strictUnits" : 0,
      "relativeURLS" : 0,
      "ignore" : 1,
      "strictImports" : 0,
      "ignoreWasSetByUser" : 0,
      "shouldRunBless" : 0,
      "hidden" : 0,
      "strictMath" : 0,
      "outputStyle" : 0,
      "fileType" : 1,
      "debugStyle" : 0
    },
    "\/application\/config\/routes.php" : {
      "ignoreWasSetByUser" : 1,
      "ignore" : 1,
      "hidden" : 0,
      "outputPathIsSetByUser" : 0,
      "inputAbbreviatedPath" : "\/application\/config\/routes.php",
      "outputAbbreviatedPath" : "No Output Path",
      "fileType" : 2048
    },
    "\/assets\/less\/mixins\/vendor-prefixes.less" : {
      "ieCompatibility" : 1,
      "inputAbbreviatedPath" : "\/assets\/less\/mixins\/vendor-prefixes.less",
      "outputAbbreviatedPath" : "\/assets\/less\/css\/vendor-prefixes.css",
      "outputPathIsSetByUser" : 0,
      "strictUnits" : 0,
      "relativeURLS" : 0,
      "ignore" : 1,
      "strictImports" : 0,
      "ignoreWasSetByUser" : 0,
      "shouldRunBless" : 0,
      "hidden" : 0,
      "strictMath" : 0,
      "outputStyle" : 0,
      "fileType" : 1,
      "debugStyle" : 0
    },
    "\/application\/views\/data\/index.php" : {
      "ignoreWasSetByUser" : 0,
      "ignore" : 0,
      "hidden" : 0,
      "outputPathIsSetByUser" : 0,
      "inputAbbreviatedPath" : "\/application\/views\/data\/index.php",
      "outputAbbreviatedPath" : "No Output Path",
      "fileType" : 2048
    },
    "\/application\/models\/index.html" : {
      "ignoreWasSetByUser" : 1,
      "ignore" : 1,
      "hidden" : 0,
      "outputPathIsSetByUser" : 0,
      "inputAbbreviatedPath" : "\/application\/models\/index.html",
      "outputAbbreviatedPath" : "No Output Path",
      "fileType" : 2048
    },
    "\/assets\/less\/labels.less" : {
      "ieCompatibility" : 1,
      "inputAbbreviatedPath" : "\/assets\/less\/labels.less",
      "outputAbbreviatedPath" : "\/assets\/css\/labels.css",
      "outputPathIsSetByUser" : 0,
      "strictUnits" : 0,
      "relativeURLS" : 0,
      "ignore" : 1,
      "strictImports" : 0,
      "ignoreWasSetByUser" : 0,
      "shouldRunBless" : 0,
      "hidden" : 0,
      "strictMath" : 0,
      "outputStyle" : 0,
      "fileType" : 1,
      "debugStyle" : 0
    },
    "\/application\/views\/email\/foot.php" : {
      "ignoreWasSetByUser" : 0,
      "ignore" : 0,
      "hidden" : 0,
      "outputPathIsSetByUser" : 0,
      "inputAbbreviatedPath" : "\/application\/views\/email\/foot.php",
      "outputAbbreviatedPath" : "No Output Path",
      "fileType" : 2048
    },
    "\/assets\/less\/mixins\/list-group.less" : {
      "ieCompatibility" : 1,
      "inputAbbreviatedPath" : "\/assets\/less\/mixins\/list-group.less",
      "outputAbbreviatedPath" : "\/assets\/less\/css\/list-group.css",
      "outputPathIsSetByUser" : 0,
      "strictUnits" : 0,
      "relativeURLS" : 0,
      "ignore" : 1,
      "strictImports" : 0,
      "ignoreWasSetByUser" : 0,
      "shouldRunBless" : 0,
      "hidden" : 0,
      "strictMath" : 0,
      "outputStyle" : 0,
      "fileType" : 1,
      "debugStyle" : 0
    },
    "\/assets\/less\/breadcrumbs.less" : {
      "ieCompatibility" : 1,
      "inputAbbreviatedPath" : "\/assets\/less\/breadcrumbs.less",
      "outputAbbreviatedPath" : "\/assets\/css\/breadcrumbs.css",
      "outputPathIsSetByUser" : 0,
      "strictUnits" : 0,
      "relativeURLS" : 0,
      "ignore" : 1,
      "strictImports" : 0,
      "ignoreWasSetByUser" : 0,
      "shouldRunBless" : 0,
      "hidden" : 0,
      "strictMath" : 0,
      "outputStyle" : 0,
      "fileType" : 1,
      "debugStyle" : 0
    },
    "\/application\/errors\/index.html" : {
      "ignoreWasSetByUser" : 1,
      "ignore" : 1,
      "hidden" : 0,
      "outputPathIsSetByUser" : 0,
      "inputAbbreviatedPath" : "\/application\/errors\/index.html",
      "outputAbbreviatedPath" : "No Output Path",
      "fileType" : 2048
    },
    "\/assets\/less\/forms.less" : {
      "ieCompatibility" : 1,
      "inputAbbreviatedPath" : "\/assets\/less\/forms.less",
      "outputAbbreviatedPath" : "\/assets\/css\/forms.css",
      "outputPathIsSetByUser" : 0,
      "strictUnits" : 0,
      "relativeURLS" : 0,
      "ignore" : 1,
      "strictImports" : 0,
      "ignoreWasSetByUser" : 0,
      "shouldRunBless" : 0,
      "hidden" : 0,
      "strictMath" : 0,
      "outputStyle" : 0,
      "fileType" : 1,
      "debugStyle" : 0
    },
    "\/application\/config\/doctypes.php" : {
      "ignoreWasSetByUser" : 1,
      "ignore" : 1,
      "hidden" : 0,
      "outputPathIsSetByUser" : 0,
      "inputAbbreviatedPath" : "\/application\/config\/doctypes.php",
      "outputAbbreviatedPath" : "No Output Path",
      "fileType" : 2048
    },
    "\/application\/views\/device\/desktop.php" : {
      "ignoreWasSetByUser" : 0,
      "ignore" : 0,
      "hidden" : 0,
      "outputPathIsSetByUser" : 0,
      "inputAbbreviatedPath" : "\/application\/views\/device\/desktop.php",
      "outputAbbreviatedPath" : "No Output Path",
      "fileType" : 2048
    },
    "\/assets\/less\/mixins\/alerts.less" : {
      "ieCompatibility" : 1,
      "inputAbbreviatedPath" : "\/assets\/less\/mixins\/alerts.less",
      "outputAbbreviatedPath" : "\/assets\/less\/css\/alerts.css",
      "outputPathIsSetByUser" : 0,
      "strictUnits" : 0,
      "relativeURLS" : 0,
      "ignore" : 1,
      "strictImports" : 0,
      "ignoreWasSetByUser" : 0,
      "shouldRunBless" : 0,
      "hidden" : 0,
      "strictMath" : 0,
      "outputStyle" : 0,
      "fileType" : 1,
      "debugStyle" : 0
    },
    "\/assets\/less\/media.less" : {
      "ieCompatibility" : 1,
      "inputAbbreviatedPath" : "\/assets\/less\/media.less",
      "outputAbbreviatedPath" : "\/assets\/css\/media.css",
      "outputPathIsSetByUser" : 0,
      "strictUnits" : 0,
      "relativeURLS" : 0,
      "ignore" : 1,
      "strictImports" : 0,
      "ignoreWasSetByUser" : 0,
      "shouldRunBless" : 0,
      "hidden" : 0,
      "strictMath" : 0,
      "outputStyle" : 0,
      "fileType" : 1,
      "debugStyle" : 0
    },
    "\/assets\/less\/mixins\/nav-vertical-align.less" : {
      "ieCompatibility" : 1,
      "inputAbbreviatedPath" : "\/assets\/less\/mixins\/nav-vertical-align.less",
      "outputAbbreviatedPath" : "\/assets\/less\/css\/nav-vertical-align.css",
      "outputPathIsSetByUser" : 0,
      "strictUnits" : 0,
      "relativeURLS" : 0,
      "ignore" : 1,
      "strictImports" : 0,
      "ignoreWasSetByUser" : 0,
      "shouldRunBless" : 0,
      "hidden" : 0,
      "strictMath" : 0,
      "outputStyle" : 0,
      "fileType" : 1,
      "debugStyle" : 0
    },
    "\/assets\/less\/mixins\/buttons.less" : {
      "ieCompatibility" : 1,
      "inputAbbreviatedPath" : "\/assets\/less\/mixins\/buttons.less",
      "outputAbbreviatedPath" : "\/assets\/less\/css\/buttons.css",
      "outputPathIsSetByUser" : 0,
      "strictUnits" : 0,
      "relativeURLS" : 0,
      "ignore" : 1,
      "strictImports" : 0,
      "ignoreWasSetByUser" : 0,
      "shouldRunBless" : 0,
      "hidden" : 0,
      "strictMath" : 0,
      "outputStyle" : 0,
      "fileType" : 1,
      "debugStyle" : 0
    },
    "\/application\/views\/data\/edit.php" : {
      "ignoreWasSetByUser" : 0,
      "ignore" : 0,
      "hidden" : 0,
      "outputPathIsSetByUser" : 0,
      "inputAbbreviatedPath" : "\/application\/views\/data\/edit.php",
      "outputAbbreviatedPath" : "No Output Path",
      "fileType" : 2048
    },
    "\/application\/views\/html_foot.php" : {
      "ignoreWasSetByUser" : 1,
      "ignore" : 0,
      "hidden" : 0,
      "outputPathIsSetByUser" : 0,
      "inputAbbreviatedPath" : "\/application\/views\/html_foot.php",
      "outputAbbreviatedPath" : "No Output Path",
      "fileType" : 2048
    },
    "\/application\/views\/data\/import.php" : {
      "ignoreWasSetByUser" : 0,
      "ignore" : 0,
      "hidden" : 0,
      "outputPathIsSetByUser" : 0,
      "inputAbbreviatedPath" : "\/application\/views\/data\/import.php",
      "outputAbbreviatedPath" : "No Output Path",
      "fileType" : 2048
    },
    "\/assets\/less\/mixins\/gradients.less" : {
      "ieCompatibility" : 1,
      "inputAbbreviatedPath" : "\/assets\/less\/mixins\/gradients.less",
      "outputAbbreviatedPath" : "\/assets\/less\/css\/gradients.css",
      "outputPathIsSetByUser" : 0,
      "strictUnits" : 0,
      "relativeURLS" : 0,
      "ignore" : 1,
      "strictImports" : 0,
      "ignoreWasSetByUser" : 0,
      "shouldRunBless" : 0,
      "hidden" : 0,
      "strictMath" : 0,
      "outputStyle" : 0,
      "fileType" : 1,
      "debugStyle" : 0
    },
    "\/application\/controllers\/group.php" : {
      "ignoreWasSetByUser" : 1,
      "ignore" : 1,
      "hidden" : 0,
      "outputPathIsSetByUser" : 0,
      "inputAbbreviatedPath" : "\/application\/controllers\/group.php",
      "outputAbbreviatedPath" : "No Output Path",
      "fileType" : 2048
    },
    "\/application\/controllers\/index.html" : {
      "ignoreWasSetByUser" : 1,
      "ignore" : 1,
      "hidden" : 0,
      "outputPathIsSetByUser" : 0,
      "inputAbbreviatedPath" : "\/application\/controllers\/index.html",
      "outputAbbreviatedPath" : "No Output Path",
      "fileType" : 2048
    },
    "\/assets\/less\/mixins.less" : {
      "ieCompatibility" : 1,
      "inputAbbreviatedPath" : "\/assets\/less\/mixins.less",
      "outputAbbreviatedPath" : "\/assets\/css\/mixins.css",
      "outputPathIsSetByUser" : 0,
      "strictUnits" : 0,
      "relativeURLS" : 0,
      "ignore" : 1,
      "strictImports" : 0,
      "ignoreWasSetByUser" : 0,
      "shouldRunBless" : 0,
      "hidden" : 0,
      "strictMath" : 0,
      "outputStyle" : 0,
      "fileType" : 1,
      "debugStyle" : 0
    },
    "\/application\/views\/group\/edit.php" : {
      "ignoreWasSetByUser" : 0,
      "ignore" : 0,
      "hidden" : 0,
      "outputPathIsSetByUser" : 0,
      "inputAbbreviatedPath" : "\/application\/views\/group\/edit.php",
      "outputAbbreviatedPath" : "No Output Path",
      "fileType" : 2048
    },
    "\/application\/views\/html_head.php" : {
      "ignoreWasSetByUser" : 1,
      "ignore" : 0,
      "hidden" : 0,
      "outputPathIsSetByUser" : 0,
      "inputAbbreviatedPath" : "\/application\/views\/html_head.php",
      "outputAbbreviatedPath" : "No Output Path",
      "fileType" : 2048
    },
    "\/application\/views\/index.html" : {
      "ignoreWasSetByUser" : 1,
      "ignore" : 0,
      "hidden" : 0,
      "outputPathIsSetByUser" : 0,
      "inputAbbreviatedPath" : "\/application\/views\/index.html",
      "outputAbbreviatedPath" : "No Output Path",
      "fileType" : 2048
    },
    "\/assets\/less\/mixins\/size.less" : {
      "ieCompatibility" : 1,
      "inputAbbreviatedPath" : "\/assets\/less\/mixins\/size.less",
      "outputAbbreviatedPath" : "\/assets\/less\/css\/size.css",
      "outputPathIsSetByUser" : 0,
      "strictUnits" : 0,
      "relativeURLS" : 0,
      "ignore" : 1,
      "strictImports" : 0,
      "ignoreWasSetByUser" : 0,
      "shouldRunBless" : 0,
      "hidden" : 0,
      "strictMath" : 0,
      "outputStyle" : 0,
      "fileType" : 1,
      "debugStyle" : 0
    },
    "\/application\/config\/database.php" : {
      "ignoreWasSetByUser" : 1,
      "ignore" : 1,
      "hidden" : 0,
      "outputPathIsSetByUser" : 0,
      "inputAbbreviatedPath" : "\/application\/config\/database.php",
      "outputAbbreviatedPath" : "No Output Path",
      "fileType" : 2048
    },
    "\/application\/config\/index.html" : {
      "ignoreWasSetByUser" : 1,
      "ignore" : 1,
      "hidden" : 0,
      "outputPathIsSetByUser" : 0,
      "inputAbbreviatedPath" : "\/application\/config\/index.html",
      "outputAbbreviatedPath" : "No Output Path",
      "fileType" : 2048
    },
    "\/assets\/images\/intro-devices.png" : {
      "ignoreWasSetByUser" : 0,
      "ignore" : 0,
      "hidden" : 0,
      "outputPathIsSetByUser" : 0,
      "inputAbbreviatedPath" : "\/assets\/images\/intro-devices.png",
      "processed" : 0,
      "outputAbbreviatedPath" : "\/assets\/images\/intro-devices.png",
      "initialSize" : 4775,
      "fileType" : 8192
    },
    "\/assets\/less\/scaffolding.less" : {
      "ieCompatibility" : 1,
      "inputAbbreviatedPath" : "\/assets\/less\/scaffolding.less",
      "outputAbbreviatedPath" : "\/assets\/css\/scaffolding.css",
      "outputPathIsSetByUser" : 0,
      "strictUnits" : 0,
      "relativeURLS" : 0,
      "ignore" : 1,
      "strictImports" : 0,
      "ignoreWasSetByUser" : 0,
      "shouldRunBless" : 0,
      "hidden" : 0,
      "strictMath" : 0,
      "outputStyle" : 0,
      "fileType" : 1,
      "debugStyle" : 0
    },
    "\/assets\/less\/mixins\/border-radius.less" : {
      "ieCompatibility" : 1,
      "inputAbbreviatedPath" : "\/assets\/less\/mixins\/border-radius.less",
      "outputAbbreviatedPath" : "\/assets\/less\/css\/border-radius.css",
      "outputPathIsSetByUser" : 0,
      "strictUnits" : 0,
      "relativeURLS" : 0,
      "ignore" : 1,
      "strictImports" : 0,
      "ignoreWasSetByUser" : 0,
      "shouldRunBless" : 0,
      "hidden" : 0,
      "strictMath" : 0,
      "outputStyle" : 0,
      "fileType" : 1,
      "debugStyle" : 0
    },
    "\/assets\/less\/thumbnails.less" : {
      "ieCompatibility" : 1,
      "inputAbbreviatedPath" : "\/assets\/less\/thumbnails.less",
      "outputAbbreviatedPath" : "\/assets\/css\/thumbnails.css",
      "outputPathIsSetByUser" : 0,
      "strictUnits" : 0,
      "relativeURLS" : 0,
      "ignore" : 1,
      "strictImports" : 0,
      "ignoreWasSetByUser" : 0,
      "shouldRunBless" : 0,
      "hidden" : 0,
      "strictMath" : 0,
      "outputStyle" : 0,
      "fileType" : 1,
      "debugStyle" : 0
    },
    "\/application\/views\/temporary.php" : {
      "ignoreWasSetByUser" : 1,
      "ignore" : 0,
      "hidden" : 0,
      "outputPathIsSetByUser" : 0,
      "inputAbbreviatedPath" : "\/application\/views\/temporary.php",
      "outputAbbreviatedPath" : "No Output Path",
      "fileType" : 2048
    },
    "\/assets\/less\/mixins\/text-overflow.less" : {
      "ieCompatibility" : 1,
      "inputAbbreviatedPath" : "\/assets\/less\/mixins\/text-overflow.less",
      "outputAbbreviatedPath" : "\/assets\/less\/css\/text-overflow.css",
      "outputPathIsSetByUser" : 0,
      "strictUnits" : 0,
      "relativeURLS" : 0,
      "ignore" : 1,
      "strictImports" : 0,
      "ignoreWasSetByUser" : 0,
      "shouldRunBless" : 0,
      "hidden" : 0,
      "strictMath" : 0,
      "outputStyle" : 0,
      "fileType" : 1,
      "debugStyle" : 0
    },
    "\/assets\/less\/mixins\/grid.less" : {
      "ieCompatibility" : 1,
      "inputAbbreviatedPath" : "\/assets\/less\/mixins\/grid.less",
      "outputAbbreviatedPath" : "\/assets\/less\/css\/grid.css",
      "outputPathIsSetByUser" : 0,
      "strictUnits" : 0,
      "relativeURLS" : 0,
      "ignore" : 1,
      "strictImports" : 0,
      "ignoreWasSetByUser" : 0,
      "shouldRunBless" : 0,
      "hidden" : 0,
      "strictMath" : 0,
      "outputStyle" : 0,
      "fileType" : 1,
      "debugStyle" : 0
    },
    "\/application\/config\/profiler.php" : {
      "ignoreWasSetByUser" : 1,
      "ignore" : 1,
      "hidden" : 0,
      "outputPathIsSetByUser" : 0,
      "inputAbbreviatedPath" : "\/application\/config\/profiler.php",
      "outputAbbreviatedPath" : "No Output Path",
      "fileType" : 2048
    },
    "\/assets\/less\/progress-bars.less" : {
      "ieCompatibility" : 1,
      "inputAbbreviatedPath" : "\/assets\/less\/progress-bars.less",
      "outputAbbreviatedPath" : "\/assets\/css\/progress-bars.css",
      "outputPathIsSetByUser" : 0,
      "strictUnits" : 0,
      "relativeURLS" : 0,
      "ignore" : 1,
      "strictImports" : 0,
      "ignoreWasSetByUser" : 0,
      "shouldRunBless" : 0,
      "hidden" : 0,
      "strictMath" : 0,
      "outputStyle" : 0,
      "fileType" : 1,
      "debugStyle" : 0
    }
  },
  "manualImportLinks" : [

  ],
  "projectSettings" : {
    "hamlNoEscapeInAttributes" : 0,
    "kitAutoOutputPathStyle" : 0,
    "lessOutputStyle" : 0,
    "hamlAutoOutputPathReplace2" : "",
    "draggedImportConcatenationStyle" : 1,
    "jadeAutoOutputPathStyle" : 0,
    "hamlEscapeHTMLCharacters" : 0,
    "javascriptAutoOutputPathStyle" : 0,
    "hamlOutputFormat" : 2,
    "stylusAutoOutputPathReplace1" : "stylus",
    "lessStrictImports" : 0,
    "sassAutoOutputPathStyle" : 2,
    "stylusAutoOutputPathReplace2" : "css",
    "lessAutoOutputPathStyle" : 2,
    "lessIECompatibility" : 1,
    "genericWebpageFileExtensionsString" : "html, htm, shtml, shtm, xhtml, php, jsp, asp, aspx, erb, ctp",
    "lessStrictUnits" : 0,
    "lessStrictMath" : 0,
    "coffeeMinifyOutput" : 1,
    "javascriptOutputSuffix" : "-ck",
    "jadeOutputStyle" : 0,
    "coffeeAutoOutputPathStyle" : 0,
    "autoSyncProjectSettingsFile" : 1,
    "lessAutoOutputPathReplace1" : "less",
    "jadeAutoOutputPathReplace1" : "",
    "lessAutoOutputPathRelativePath" : "..\/css",
    "hamlAutoOutputPathRelativePath" : "",
    "jsCheckerReservedNamesString" : "",
    "javascriptOutputStyle" : 1,
    "stylusDebugStyle" : 0,
    "hamlUseCDATA" : 0,
    "hamlAutoOutputPathStyle" : 0,
    "sassDebugStyle" : 0,
    "hamlOutputStyle" : 0,
    "stylusAutoOutputPathRelativePath" : "..\/css",
    "jsCheckerIndent" : 4,
    "kitAutoOutputPathRelativePath" : "",
    "lessAutoOutputPathReplace2" : "css",
    "jadeAutoOutputPathReplace2" : "",
    "shouldRunBless" : 0,
    "stylusAutoOutputPathStyle" : 2,
    "coffeeCheckOutputStyle" : 0,
    "slimOutputStyle" : 1,
    "javascriptSyntaxCheckerStyle" : 0,
    "sassAutoOutputPathReplace1" : "sass",
    "slimAutoOutputPathReplace1" : "",
    "sassOutputStyle" : 0,
    "coffeeAutoOutputPathRelativePath" : "",
    "slimCompileOnly" : 0,
    "slimLogicless" : 0,
    "uglifyIndent" : 4,
    "jadeAutoOutputPathRelativePath" : "",
    "hamlUseUnixNewlines" : 0,
    "hamlAutoOutputPathReplace1" : "",
    "javascriptAutoOutputPathReplace1" : "",
    "stylusOutputStyle" : 0,
    "javascriptAutoOutputPathReplace2" : "",
    "sassAutoOutputPathRelativePath" : "..\/css",
    "coffeeAutoOutputPathReplace1" : "",
    "hamlUseDoubleQuotes" : 0,
    "coffeeAutoOutputPathReplace2" : "",
    "kitAutoOutputPathReplace1" : "",
    "uglifyReservedNamesString" : "",
    "coffeeOutputStyle" : 0,
    "slimAutoOutputPathRelativePath" : "",
    "jsHintFlags" : {
      "latedef" : 1,
      "newcap" : 1,
      "curly" : 1,
      "trailing" : 1,
      "nonew" : 1,
      "es3" : 0,
      "freeze" : 1,
      "yui" : 0,
      "mootools" : 0,
      "proto" : 0,
      "boss" : 0,
      "funcscope" : 0,
      "jquery" : 1,
      "esnext" : 0,
      "camelcase" : 0,
      "dojo" : 0,
      "strict" : 0,
      "devel" : 0,
      "wsh" : 0,
      "nonstandard" : 0,
      "asi" : 0,
      "moz" : 0,
      "rhino" : 0,
      "smarttabs" : 0,
      "lastsemic" : 0,
      "noempty" : 0,
      "eqnull" : 0,
      "eqeqeq" : 1,
      "couch" : 0,
      "evil" : 0,
      "expr" : 0,
      "immed" : 0,
      "globalstrict" : 0,
      "undef" : 1,
      "iterator" : 0,
      "prototypejs" : 0,
      "noarg" : 1,
      "supernew" : 0,
      "node" : 0,
      "unused" : 1,
      "debug" : 0,
      "bitwise" : 1,
      "notypeof" : 1,
      "white" : 0,
      "browser" : 1,
      "worker" : 0,
      "laxcomma" : 0,
      "multistr" : 0,
      "shadow" : 0,
      "sub" : 0,
      "plusplus" : 0,
      "scripturl" : 0,
      "forin" : 0,
      "loopfunc" : 0,
      "laxbreak" : 0
    },
    "jsLintFlags" : {
      "white" : 0,
      "unparam" : 0,
      "regexp" : 0,
      "nomen" : 0,
      "vars" : 0,
      "sub" : 0,
      "stupid" : 0,
      "continue" : 0,
      "bitwise" : 0,
      "newcap" : 0,
      "sloppy" : 0,
      "closure" : 0,
      "browser" : 1,
      "properties" : 0,
      "plusplus" : 0,
      "debug" : 0,
      "forin" : 0,
      "eqeq" : 0,
      "evil" : 0,
      "node" : 0,
      "rhino" : 0,
      "devel" : 0,
      "ass" : 0
    },
    "uglifyFlags" : {
      "no-mangle-functions" : 0,
      "no-mangle" : 0,
      "no-copyright" : 0,
      "no-dead-code" : 0,
      "inline-script" : 0,
      "ascii" : 0,
      "unsafe" : 0,
      "mangle-toplevel" : 0,
      "no-seqs" : 1,
      "beautify" : 0,
      "lift-vars" : 0,
      "consolidate-primitive-values" : 0,
      "no-squeeze" : 0
    },
    "sassAutoOutputPathReplace2" : "css",
    "slimAutoOutputPathReplace2" : "",
    "jadeCompileDebug" : 1,
    "slimRailsCompatible" : 0,
    "kitAutoOutputPathReplace2" : "",
    "lessRelativeURLS" : 0,
    "lessDebugStyle" : 0,
    "javascriptAutoOutputPathRelativePath" : "",
    "slimAutoOutputPathStyle" : 0
  },
  "projectAttributes" : {
    "bourbonEnabled" : 0,
    "displayValue" : "device-viz",
    "displayValueWasSetByUser" : 0,
    "compassEnabled" : 0
  }
}