{
  "CodeKitInfo" : "This is a CodeKit project configuration file. It is designed to sync project settings across multiple machines. Modifying the contents of this file can be a poor life decision if you don't know what you're doing. This file is not useful unless accompanied by the project that created it in CodeKit. For more information, see: http:\/\/incident57.com\/codekit",
  "creatorBuild" : "8403",
  "files" : {
    "\/less\/type.less" : {
      "ieCompatibility" : 1,
      "inputAbbreviatedPath" : "\/less\/type.less",
      "outputAbbreviatedPath" : "\/css\/type.css",
      "outputPathIsSetByUser" : 0,
      "strictUnits" : 0,
      "relativeURLS" : 0,
      "ignore" : 1,
      "strictImports" : 0,
      "ignoreWasSetByUser" : 0,
      "shouldRunBless" : 0,
      "hidden" : 0,
      "strictMath" : 0,
      "outputStyle" : 0,
      "fileType" : 1,
      "debugStyle" : 0
    },
    "\/less\/variables.less" : {
      "ieCompatibility" : 1,
      "inputAbbreviatedPath" : "\/less\/variables.less",
      "outputAbbreviatedPath" : "\/css\/variables.css",
      "outputPathIsSetByUser" : 0,
      "strictUnits" : 0,
      "relativeURLS" : 0,
      "ignore" : 1,
      "strictImports" : 0,
      "ignoreWasSetByUser" : 0,
      "shouldRunBless" : 0,
      "hidden" : 0,
      "strictMath" : 0,
      "outputStyle" : 0,
      "fileType" : 1,
      "debugStyle" : 0
    },
    "\/less\/mixins\/text-emphasis.less" : {
      "ieCompatibility" : 1,
      "inputAbbreviatedPath" : "\/less\/mixins\/text-emphasis.less",
      "outputAbbreviatedPath" : "\/less\/css\/text-emphasis.css",
      "outputPathIsSetByUser" : 0,
      "strictUnits" : 0,
      "relativeURLS" : 0,
      "ignore" : 1,
      "strictImports" : 0,
      "ignoreWasSetByUser" : 0,
      "shouldRunBless" : 0,
      "hidden" : 0,
      "strictMath" : 0,
      "outputStyle" : 0,
      "fileType" : 1,
      "debugStyle" : 0
    },
    "\/less\/pagination.less" : {
      "ieCompatibility" : 1,
      "inputAbbreviatedPath" : "\/less\/pagination.less",
      "outputAbbreviatedPath" : "\/css\/pagination.css",
      "outputPathIsSetByUser" : 0,
      "strictUnits" : 0,
      "relativeURLS" : 0,
      "ignore" : 1,
      "strictImports" : 0,
      "ignoreWasSetByUser" : 0,
      "shouldRunBless" : 0,
      "hidden" : 0,
      "strictMath" : 0,
      "outputStyle" : 0,
      "fileType" : 1,
      "debugStyle" : 0
    },
    "\/css\/bootstrap-theme.css" : {
      "ignoreWasSetByUser" : 0,
      "ignore" : 0,
      "hidden" : 0,
      "outputPathIsSetByUser" : 0,
      "inputAbbreviatedPath" : "\/css\/bootstrap-theme.css",
      "outputAbbreviatedPath" : "No Output Path",
      "fileType" : 16
    },
    "\/less\/mixins\/pagination.less" : {
      "ieCompatibility" : 1,
      "inputAbbreviatedPath" : "\/less\/mixins\/pagination.less",
      "outputAbbreviatedPath" : "\/less\/css\/pagination.css",
      "outputPathIsSetByUser" : 0,
      "strictUnits" : 0,
      "relativeURLS" : 0,
      "ignore" : 1,
      "strictImports" : 0,
      "ignoreWasSetByUser" : 0,
      "shouldRunBless" : 0,
      "hidden" : 0,
      "strictMath" : 0,
      "outputStyle" : 0,
      "fileType" : 1,
      "debugStyle" : 0
    },
    "\/less\/mixins\/vendor-prefixes.less" : {
      "ieCompatibility" : 1,
      "inputAbbreviatedPath" : "\/less\/mixins\/vendor-prefixes.less",
      "outputAbbreviatedPath" : "\/less\/css\/vendor-prefixes.css",
      "outputPathIsSetByUser" : 0,
      "strictUnits" : 0,
      "relativeURLS" : 0,
      "ignore" : 1,
      "strictImports" : 0,
      "ignoreWasSetByUser" : 0,
      "shouldRunBless" : 0,
      "hidden" : 0,
      "strictMath" : 0,
      "outputStyle" : 0,
      "fileType" : 1,
      "debugStyle" : 0
    },
    "\/css\/bootstrap-theme.min.css" : {
      "ignoreWasSetByUser" : 0,
      "ignore" : 0,
      "hidden" : 0,
      "outputPathIsSetByUser" : 0,
      "inputAbbreviatedPath" : "\/css\/bootstrap-theme.min.css",
      "outputAbbreviatedPath" : "No Output Path",
      "fileType" : 16
    },
    "\/less\/styles.less" : {
      "ieCompatibility" : 1,
      "inputAbbreviatedPath" : "\/less\/styles.less",
      "outputAbbreviatedPath" : "\/css\/styles.css",
      "outputPathIsSetByUser" : 0,
      "strictUnits" : 0,
      "relativeURLS" : 0,
      "ignore" : 0,
      "strictImports" : 0,
      "ignoreWasSetByUser" : 0,
      "shouldRunBless" : 0,
      "hidden" : 0,
      "strictMath" : 0,
      "outputStyle" : 0,
      "fileType" : 1,
      "debugStyle" : 0
    },
    "\/less\/grid.less" : {
      "ieCompatibility" : 1,
      "inputAbbreviatedPath" : "\/less\/grid.less",
      "outputAbbreviatedPath" : "\/css\/grid.css",
      "outputPathIsSetByUser" : 0,
      "strictUnits" : 0,
      "relativeURLS" : 0,
      "ignore" : 1,
      "strictImports" : 0,
      "ignoreWasSetByUser" : 0,
      "shouldRunBless" : 0,
      "hidden" : 0,
      "strictMath" : 0,
      "outputStyle" : 0,
      "fileType" : 1,
      "debugStyle" : 0
    },
    "\/less\/glyphicons.less" : {
      "ieCompatibility" : 1,
      "inputAbbreviatedPath" : "\/less\/glyphicons.less",
      "outputAbbreviatedPath" : "\/css\/glyphicons.css",
      "outputPathIsSetByUser" : 0,
      "strictUnits" : 0,
      "relativeURLS" : 0,
      "ignore" : 1,
      "strictImports" : 0,
      "ignoreWasSetByUser" : 0,
      "shouldRunBless" : 0,
      "hidden" : 0,
      "strictMath" : 0,
      "outputStyle" : 0,
      "fileType" : 1,
      "debugStyle" : 0
    },
    "\/less\/mixins\/forms.less" : {
      "ieCompatibility" : 1,
      "inputAbbreviatedPath" : "\/less\/mixins\/forms.less",
      "outputAbbreviatedPath" : "\/less\/css\/forms.css",
      "outputPathIsSetByUser" : 0,
      "strictUnits" : 0,
      "relativeURLS" : 0,
      "ignore" : 1,
      "strictImports" : 0,
      "ignoreWasSetByUser" : 0,
      "shouldRunBless" : 0,
      "hidden" : 0,
      "strictMath" : 0,
      "outputStyle" : 0,
      "fileType" : 1,
      "debugStyle" : 0
    },
    "\/less\/thumbnails.less" : {
      "ieCompatibility" : 1,
      "inputAbbreviatedPath" : "\/less\/thumbnails.less",
      "outputAbbreviatedPath" : "\/css\/thumbnails.css",
      "outputPathIsSetByUser" : 0,
      "strictUnits" : 0,
      "relativeURLS" : 0,
      "ignore" : 1,
      "strictImports" : 0,
      "ignoreWasSetByUser" : 0,
      "shouldRunBless" : 0,
      "hidden" : 0,
      "strictMath" : 0,
      "outputStyle" : 0,
      "fileType" : 1,
      "debugStyle" : 0
    },
    "\/less\/popovers.less" : {
      "ieCompatibility" : 1,
      "inputAbbreviatedPath" : "\/less\/popovers.less",
      "outputAbbreviatedPath" : "\/css\/popovers.css",
      "outputPathIsSetByUser" : 0,
      "strictUnits" : 0,
      "relativeURLS" : 0,
      "ignore" : 1,
      "strictImports" : 0,
      "ignoreWasSetByUser" : 0,
      "shouldRunBless" : 0,
      "hidden" : 0,
      "strictMath" : 0,
      "outputStyle" : 0,
      "fileType" : 1,
      "debugStyle" : 0
    },
    "\/less\/mixins\/grid-framework.less" : {
      "ieCompatibility" : 1,
      "inputAbbreviatedPath" : "\/less\/mixins\/grid-framework.less",
      "outputAbbreviatedPath" : "\/less\/css\/grid-framework.css",
      "outputPathIsSetByUser" : 0,
      "strictUnits" : 0,
      "relativeURLS" : 0,
      "ignore" : 1,
      "strictImports" : 0,
      "ignoreWasSetByUser" : 0,
      "shouldRunBless" : 0,
      "hidden" : 0,
      "strictMath" : 0,
      "outputStyle" : 0,
      "fileType" : 1,
      "debugStyle" : 0
    },
    "\/less\/mixins\/grid.less" : {
      "ieCompatibility" : 1,
      "inputAbbreviatedPath" : "\/less\/mixins\/grid.less",
      "outputAbbreviatedPath" : "\/less\/css\/grid.css",
      "outputPathIsSetByUser" : 0,
      "strictUnits" : 0,
      "relativeURLS" : 0,
      "ignore" : 1,
      "strictImports" : 0,
      "ignoreWasSetByUser" : 0,
      "shouldRunBless" : 0,
      "hidden" : 0,
      "strictMath" : 0,
      "outputStyle" : 0,
      "fileType" : 1,
      "debugStyle" : 0
    },
    "\/js\/scrollReveal.min.js" : {
      "ignoreWasSetByUser" : 0,
      "ignore" : 0,
      "hidden" : 0,
      "outputPathIsSetByUser" : 0,
      "inputAbbreviatedPath" : "\/js\/scrollReveal.min.js",
      "outputStyle" : 1,
      "syntaxCheckerStyle" : 0,
      "outputAbbreviatedPath" : "\/js\/scrollReveal.min-ck.js",
      "fileType" : 64
    },
    "\/less\/mixins.less" : {
      "ieCompatibility" : 1,
      "inputAbbreviatedPath" : "\/less\/mixins.less",
      "outputAbbreviatedPath" : "\/css\/mixins.css",
      "outputPathIsSetByUser" : 0,
      "strictUnits" : 0,
      "relativeURLS" : 0,
      "ignore" : 1,
      "strictImports" : 0,
      "ignoreWasSetByUser" : 0,
      "shouldRunBless" : 0,
      "hidden" : 0,
      "strictMath" : 0,
      "outputStyle" : 0,
      "fileType" : 1,
      "debugStyle" : 0
    },
    "\/less\/mixins\/nav-vertical-align.less" : {
      "ieCompatibility" : 1,
      "inputAbbreviatedPath" : "\/less\/mixins\/nav-vertical-align.less",
      "outputAbbreviatedPath" : "\/less\/css\/nav-vertical-align.css",
      "outputPathIsSetByUser" : 0,
      "strictUnits" : 0,
      "relativeURLS" : 0,
      "ignore" : 1,
      "strictImports" : 0,
      "ignoreWasSetByUser" : 0,
      "shouldRunBless" : 0,
      "hidden" : 0,
      "strictMath" : 0,
      "outputStyle" : 0,
      "fileType" : 1,
      "debugStyle" : 0
    },
    "\/less\/button-groups.less" : {
      "ieCompatibility" : 1,
      "inputAbbreviatedPath" : "\/less\/button-groups.less",
      "outputAbbreviatedPath" : "\/css\/button-groups.css",
      "outputPathIsSetByUser" : 0,
      "strictUnits" : 0,
      "relativeURLS" : 0,
      "ignore" : 1,
      "strictImports" : 0,
      "ignoreWasSetByUser" : 0,
      "shouldRunBless" : 0,
      "hidden" : 0,
      "strictMath" : 0,
      "outputStyle" : 0,
      "fileType" : 1,
      "debugStyle" : 0
    },
    "\/less\/panels.less" : {
      "ieCompatibility" : 1,
      "inputAbbreviatedPath" : "\/less\/panels.less",
      "outputAbbreviatedPath" : "\/css\/panels.css",
      "outputPathIsSetByUser" : 0,
      "strictUnits" : 0,
      "relativeURLS" : 0,
      "ignore" : 1,
      "strictImports" : 0,
      "ignoreWasSetByUser" : 0,
      "shouldRunBless" : 0,
      "hidden" : 0,
      "strictMath" : 0,
      "outputStyle" : 0,
      "fileType" : 1,
      "debugStyle" : 0
    },
    "\/less\/mixins\/clearfix.less" : {
      "ieCompatibility" : 1,
      "inputAbbreviatedPath" : "\/less\/mixins\/clearfix.less",
      "outputAbbreviatedPath" : "\/less\/css\/clearfix.css",
      "outputPathIsSetByUser" : 0,
      "strictUnits" : 0,
      "relativeURLS" : 0,
      "ignore" : 1,
      "strictImports" : 0,
      "ignoreWasSetByUser" : 0,
      "shouldRunBless" : 0,
      "hidden" : 0,
      "strictMath" : 0,
      "outputStyle" : 0,
      "fileType" : 1,
      "debugStyle" : 0
    },
    "\/less\/input-groups.less" : {
      "ieCompatibility" : 1,
      "inputAbbreviatedPath" : "\/less\/input-groups.less",
      "outputAbbreviatedPath" : "\/css\/input-groups.css",
      "outputPathIsSetByUser" : 0,
      "strictUnits" : 0,
      "relativeURLS" : 0,
      "ignore" : 1,
      "strictImports" : 0,
      "ignoreWasSetByUser" : 0,
      "shouldRunBless" : 0,
      "hidden" : 0,
      "strictMath" : 0,
      "outputStyle" : 0,
      "fileType" : 1,
      "debugStyle" : 0
    },
    "\/less\/breadcrumbs.less" : {
      "ieCompatibility" : 1,
      "inputAbbreviatedPath" : "\/less\/breadcrumbs.less",
      "outputAbbreviatedPath" : "\/css\/breadcrumbs.css",
      "outputPathIsSetByUser" : 0,
      "strictUnits" : 0,
      "relativeURLS" : 0,
      "ignore" : 1,
      "strictImports" : 0,
      "ignoreWasSetByUser" : 0,
      "shouldRunBless" : 0,
      "hidden" : 0,
      "strictMath" : 0,
      "outputStyle" : 0,
      "fileType" : 1,
      "debugStyle" : 0
    },
    "\/less\/modals.less" : {
      "ieCompatibility" : 1,
      "inputAbbreviatedPath" : "\/less\/modals.less",
      "outputAbbreviatedPath" : "\/css\/modals.css",
      "outputPathIsSetByUser" : 0,
      "strictUnits" : 0,
      "relativeURLS" : 0,
      "ignore" : 1,
      "strictImports" : 0,
      "ignoreWasSetByUser" : 0,
      "shouldRunBless" : 0,
      "hidden" : 0,
      "strictMath" : 0,
      "outputStyle" : 0,
      "fileType" : 1,
      "debugStyle" : 0
    },
    "\/js\/npm.js" : {
      "ignoreWasSetByUser" : 0,
      "ignore" : 0,
      "hidden" : 0,
      "outputPathIsSetByUser" : 0,
      "inputAbbreviatedPath" : "\/js\/npm.js",
      "outputStyle" : 1,
      "syntaxCheckerStyle" : 0,
      "outputAbbreviatedPath" : "\/js\/npm-ck.js",
      "fileType" : 64
    },
    "\/less\/responsive-embed.less" : {
      "ieCompatibility" : 1,
      "inputAbbreviatedPath" : "\/less\/responsive-embed.less",
      "outputAbbreviatedPath" : "\/css\/responsive-embed.css",
      "outputPathIsSetByUser" : 0,
      "strictUnits" : 0,
      "relativeURLS" : 0,
      "ignore" : 1,
      "strictImports" : 0,
      "ignoreWasSetByUser" : 0,
      "shouldRunBless" : 0,
      "hidden" : 0,
      "strictMath" : 0,
      "outputStyle" : 0,
      "fileType" : 1,
      "debugStyle" : 0
    },
    "\/less\/mixins\/image.less" : {
      "ieCompatibility" : 1,
      "inputAbbreviatedPath" : "\/less\/mixins\/image.less",
      "outputAbbreviatedPath" : "\/less\/css\/image.css",
      "outputPathIsSetByUser" : 0,
      "strictUnits" : 0,
      "relativeURLS" : 0,
      "ignore" : 1,
      "strictImports" : 0,
      "ignoreWasSetByUser" : 0,
      "shouldRunBless" : 0,
      "hidden" : 0,
      "strictMath" : 0,
      "outputStyle" : 0,
      "fileType" : 1,
      "debugStyle" : 0
    },
    "\/less\/jumbotron.less" : {
      "ieCompatibility" : 1,
      "inputAbbreviatedPath" : "\/less\/jumbotron.less",
      "outputAbbreviatedPath" : "\/css\/jumbotron.css",
      "outputPathIsSetByUser" : 0,
      "strictUnits" : 0,
      "relativeURLS" : 0,
      "ignore" : 1,
      "strictImports" : 0,
      "ignoreWasSetByUser" : 0,
      "shouldRunBless" : 0,
      "hidden" : 0,
      "strictMath" : 0,
      "outputStyle" : 0,
      "fileType" : 1,
      "debugStyle" : 0
    },
    "\/images\/icon-ga-csv.png" : {
      "ignoreWasSetByUser" : 0,
      "ignore" : 0,
      "hidden" : 0,
      "outputPathIsSetByUser" : 0,
      "inputAbbreviatedPath" : "\/images\/icon-ga-csv.png",
      "processed" : 0,
      "outputAbbreviatedPath" : "\/images\/icon-ga-csv.png",
      "initialSize" : 10948,
      "fileType" : 8192
    },
    "\/less\/mixins\/tab-focus.less" : {
      "ieCompatibility" : 1,
      "inputAbbreviatedPath" : "\/less\/mixins\/tab-focus.less",
      "outputAbbreviatedPath" : "\/less\/css\/tab-focus.css",
      "outputPathIsSetByUser" : 0,
      "strictUnits" : 0,
      "relativeURLS" : 0,
      "ignore" : 1,
      "strictImports" : 0,
      "ignoreWasSetByUser" : 0,
      "shouldRunBless" : 0,
      "hidden" : 0,
      "strictMath" : 0,
      "outputStyle" : 0,
      "fileType" : 1,
      "debugStyle" : 0
    },
    "\/less\/mixins\/center-block.less" : {
      "ieCompatibility" : 1,
      "inputAbbreviatedPath" : "\/less\/mixins\/center-block.less",
      "outputAbbreviatedPath" : "\/less\/css\/center-block.css",
      "outputPathIsSetByUser" : 0,
      "strictUnits" : 0,
      "relativeURLS" : 0,
      "ignore" : 1,
      "strictImports" : 0,
      "ignoreWasSetByUser" : 0,
      "shouldRunBless" : 0,
      "hidden" : 0,
      "strictMath" : 0,
      "outputStyle" : 0,
      "fileType" : 1,
      "debugStyle" : 0
    },
    "\/images\/icon-viz.png" : {
      "ignoreWasSetByUser" : 0,
      "ignore" : 0,
      "hidden" : 0,
      "outputPathIsSetByUser" : 0,
      "inputAbbreviatedPath" : "\/images\/icon-viz.png",
      "processed" : 0,
      "outputAbbreviatedPath" : "\/images\/icon-viz.png",
      "initialSize" : 2128,
      "fileType" : 8192
    },
    "\/less\/wells.less" : {
      "ieCompatibility" : 1,
      "inputAbbreviatedPath" : "\/less\/wells.less",
      "outputAbbreviatedPath" : "\/css\/wells.css",
      "outputPathIsSetByUser" : 0,
      "strictUnits" : 0,
      "relativeURLS" : 0,
      "ignore" : 1,
      "strictImports" : 0,
      "ignoreWasSetByUser" : 0,
      "shouldRunBless" : 0,
      "hidden" : 0,
      "strictMath" : 0,
      "outputStyle" : 0,
      "fileType" : 1,
      "debugStyle" : 0
    },
    "\/less\/mixins\/labels.less" : {
      "ieCompatibility" : 1,
      "inputAbbreviatedPath" : "\/less\/mixins\/labels.less",
      "outputAbbreviatedPath" : "\/less\/css\/labels.css",
      "outputPathIsSetByUser" : 0,
      "strictUnits" : 0,
      "relativeURLS" : 0,
      "ignore" : 1,
      "strictImports" : 0,
      "ignoreWasSetByUser" : 0,
      "shouldRunBless" : 0,
      "hidden" : 0,
      "strictMath" : 0,
      "outputStyle" : 0,
      "fileType" : 1,
      "debugStyle" : 0
    },
    "\/js\/bootstrap.min.js" : {
      "ignoreWasSetByUser" : 0,
      "ignore" : 0,
      "hidden" : 0,
      "outputPathIsSetByUser" : 0,
      "inputAbbreviatedPath" : "\/js\/bootstrap.min.js",
      "outputStyle" : 1,
      "syntaxCheckerStyle" : 0,
      "outputAbbreviatedPath" : "\/js\/bootstrap.min-ck.js",
      "fileType" : 64
    },
    "\/less\/mixins\/buttons.less" : {
      "ieCompatibility" : 1,
      "inputAbbreviatedPath" : "\/less\/mixins\/buttons.less",
      "outputAbbreviatedPath" : "\/less\/css\/buttons.css",
      "outputPathIsSetByUser" : 0,
      "strictUnits" : 0,
      "relativeURLS" : 0,
      "ignore" : 1,
      "strictImports" : 0,
      "ignoreWasSetByUser" : 0,
      "shouldRunBless" : 0,
      "hidden" : 0,
      "strictMath" : 0,
      "outputStyle" : 0,
      "fileType" : 1,
      "debugStyle" : 0
    },
    "\/less\/component-animations.less" : {
      "ieCompatibility" : 1,
      "inputAbbreviatedPath" : "\/less\/component-animations.less",
      "outputAbbreviatedPath" : "\/css\/component-animations.css",
      "outputPathIsSetByUser" : 0,
      "strictUnits" : 0,
      "relativeURLS" : 0,
      "ignore" : 1,
      "strictImports" : 0,
      "ignoreWasSetByUser" : 0,
      "shouldRunBless" : 0,
      "hidden" : 0,
      "strictMath" : 0,
      "outputStyle" : 0,
      "fileType" : 1,
      "debugStyle" : 0
    },
    "\/less\/mixins\/table-row.less" : {
      "ieCompatibility" : 1,
      "inputAbbreviatedPath" : "\/less\/mixins\/table-row.less",
      "outputAbbreviatedPath" : "\/less\/css\/table-row.css",
      "outputPathIsSetByUser" : 0,
      "strictUnits" : 0,
      "relativeURLS" : 0,
      "ignore" : 1,
      "strictImports" : 0,
      "ignoreWasSetByUser" : 0,
      "shouldRunBless" : 0,
      "hidden" : 0,
      "strictMath" : 0,
      "outputStyle" : 0,
      "fileType" : 1,
      "debugStyle" : 0
    },
    "\/less\/theme.less" : {
      "ieCompatibility" : 1,
      "inputAbbreviatedPath" : "\/less\/theme.less",
      "outputAbbreviatedPath" : "\/css\/theme.css",
      "outputPathIsSetByUser" : 0,
      "strictUnits" : 0,
      "relativeURLS" : 0,
      "ignore" : 0,
      "strictImports" : 0,
      "ignoreWasSetByUser" : 0,
      "shouldRunBless" : 0,
      "hidden" : 0,
      "strictMath" : 0,
      "outputStyle" : 0,
      "fileType" : 1,
      "debugStyle" : 0
    },
    "\/less\/mixins\/responsive-visibility.less" : {
      "ieCompatibility" : 1,
      "inputAbbreviatedPath" : "\/less\/mixins\/responsive-visibility.less",
      "outputAbbreviatedPath" : "\/less\/css\/responsive-visibility.css",
      "outputPathIsSetByUser" : 0,
      "strictUnits" : 0,
      "relativeURLS" : 0,
      "ignore" : 1,
      "strictImports" : 0,
      "ignoreWasSetByUser" : 0,
      "shouldRunBless" : 0,
      "hidden" : 0,
      "strictMath" : 0,
      "outputStyle" : 0,
      "fileType" : 1,
      "debugStyle" : 0
    },
    "\/less\/mixins\/size.less" : {
      "ieCompatibility" : 1,
      "inputAbbreviatedPath" : "\/less\/mixins\/size.less",
      "outputAbbreviatedPath" : "\/less\/css\/size.css",
      "outputPathIsSetByUser" : 0,
      "strictUnits" : 0,
      "relativeURLS" : 0,
      "ignore" : 1,
      "strictImports" : 0,
      "ignoreWasSetByUser" : 0,
      "shouldRunBless" : 0,
      "hidden" : 0,
      "strictMath" : 0,
      "outputStyle" : 0,
      "fileType" : 1,
      "debugStyle" : 0
    },
    "\/less\/badges.less" : {
      "ieCompatibility" : 1,
      "inputAbbreviatedPath" : "\/less\/badges.less",
      "outputAbbreviatedPath" : "\/css\/badges.css",
      "outputPathIsSetByUser" : 0,
      "strictUnits" : 0,
      "relativeURLS" : 0,
      "ignore" : 1,
      "strictImports" : 0,
      "ignoreWasSetByUser" : 0,
      "shouldRunBless" : 0,
      "hidden" : 0,
      "strictMath" : 0,
      "outputStyle" : 0,
      "fileType" : 1,
      "debugStyle" : 0
    },
    "\/images\/icon-wireframe.png" : {
      "ignoreWasSetByUser" : 0,
      "ignore" : 0,
      "hidden" : 0,
      "outputPathIsSetByUser" : 0,
      "inputAbbreviatedPath" : "\/images\/icon-wireframe.png",
      "processed" : 0,
      "outputAbbreviatedPath" : "\/images\/icon-wireframe.png",
      "initialSize" : 6255,
      "fileType" : 8192
    },
    "\/less\/pager.less" : {
      "ieCompatibility" : 1,
      "inputAbbreviatedPath" : "\/less\/pager.less",
      "outputAbbreviatedPath" : "\/css\/pager.css",
      "outputPathIsSetByUser" : 0,
      "strictUnits" : 0,
      "relativeURLS" : 0,
      "ignore" : 1,
      "strictImports" : 0,
      "ignoreWasSetByUser" : 0,
      "shouldRunBless" : 0,
      "hidden" : 0,
      "strictMath" : 0,
      "outputStyle" : 0,
      "fileType" : 1,
      "debugStyle" : 0
    },
    "\/less\/responsive-utilities.less" : {
      "ieCompatibility" : 1,
      "inputAbbreviatedPath" : "\/less\/responsive-utilities.less",
      "outputAbbreviatedPath" : "\/css\/responsive-utilities.css",
      "outputPathIsSetByUser" : 0,
      "strictUnits" : 0,
      "relativeURLS" : 0,
      "ignore" : 1,
      "strictImports" : 0,
      "ignoreWasSetByUser" : 0,
      "shouldRunBless" : 0,
      "hidden" : 0,
      "strictMath" : 0,
      "outputStyle" : 0,
      "fileType" : 1,
      "debugStyle" : 0
    },
    "\/less\/mixins\/reset-filter.less" : {
      "ieCompatibility" : 1,
      "inputAbbreviatedPath" : "\/less\/mixins\/reset-filter.less",
      "outputAbbreviatedPath" : "\/less\/css\/reset-filter.css",
      "outputPathIsSetByUser" : 0,
      "strictUnits" : 0,
      "relativeURLS" : 0,
      "ignore" : 1,
      "strictImports" : 0,
      "ignoreWasSetByUser" : 0,
      "shouldRunBless" : 0,
      "hidden" : 0,
      "strictMath" : 0,
      "outputStyle" : 0,
      "fileType" : 1,
      "debugStyle" : 0
    },
    "\/less\/mixins\/alerts.less" : {
      "ieCompatibility" : 1,
      "inputAbbreviatedPath" : "\/less\/mixins\/alerts.less",
      "outputAbbreviatedPath" : "\/less\/css\/alerts.css",
      "outputPathIsSetByUser" : 0,
      "strictUnits" : 0,
      "relativeURLS" : 0,
      "ignore" : 1,
      "strictImports" : 0,
      "ignoreWasSetByUser" : 0,
      "shouldRunBless" : 0,
      "hidden" : 0,
      "strictMath" : 0,
      "outputStyle" : 0,
      "fileType" : 1,
      "debugStyle" : 0
    },
    "\/less\/tables.less" : {
      "ieCompatibility" : 1,
      "inputAbbreviatedPath" : "\/less\/tables.less",
      "outputAbbreviatedPath" : "\/css\/tables.css",
      "outputPathIsSetByUser" : 0,
      "strictUnits" : 0,
      "relativeURLS" : 0,
      "ignore" : 1,
      "strictImports" : 0,
      "ignoreWasSetByUser" : 0,
      "shouldRunBless" : 0,
      "hidden" : 0,
      "strictMath" : 0,
      "outputStyle" : 0,
      "fileType" : 1,
      "debugStyle" : 0
    },
    "\/less\/alerts.less" : {
      "ieCompatibility" : 1,
      "inputAbbreviatedPath" : "\/less\/alerts.less",
      "outputAbbreviatedPath" : "\/css\/alerts.css",
      "outputPathIsSetByUser" : 0,
      "strictUnits" : 0,
      "relativeURLS" : 0,
      "ignore" : 1,
      "strictImports" : 0,
      "ignoreWasSetByUser" : 0,
      "shouldRunBless" : 0,
      "hidden" : 0,
      "strictMath" : 0,
      "outputStyle" : 0,
      "fileType" : 1,
      "debugStyle" : 0
    },
    "\/less\/mixins\/opacity.less" : {
      "ieCompatibility" : 1,
      "inputAbbreviatedPath" : "\/less\/mixins\/opacity.less",
      "outputAbbreviatedPath" : "\/less\/css\/opacity.css",
      "outputPathIsSetByUser" : 0,
      "strictUnits" : 0,
      "relativeURLS" : 0,
      "ignore" : 1,
      "strictImports" : 0,
      "ignoreWasSetByUser" : 0,
      "shouldRunBless" : 0,
      "hidden" : 0,
      "strictMath" : 0,
      "outputStyle" : 0,
      "fileType" : 1,
      "debugStyle" : 0
    },
    "\/less\/list-group.less" : {
      "ieCompatibility" : 1,
      "inputAbbreviatedPath" : "\/less\/list-group.less",
      "outputAbbreviatedPath" : "\/css\/list-group.css",
      "outputPathIsSetByUser" : 0,
      "strictUnits" : 0,
      "relativeURLS" : 0,
      "ignore" : 1,
      "strictImports" : 0,
      "ignoreWasSetByUser" : 0,
      "shouldRunBless" : 0,
      "hidden" : 0,
      "strictMath" : 0,
      "outputStyle" : 0,
      "fileType" : 1,
      "debugStyle" : 0
    },
    "\/less\/navbar.less" : {
      "ieCompatibility" : 1,
      "inputAbbreviatedPath" : "\/less\/navbar.less",
      "outputAbbreviatedPath" : "\/css\/navbar.css",
      "outputPathIsSetByUser" : 0,
      "strictUnits" : 0,
      "relativeURLS" : 0,
      "ignore" : 1,
      "strictImports" : 0,
      "ignoreWasSetByUser" : 0,
      "shouldRunBless" : 0,
      "hidden" : 0,
      "strictMath" : 0,
      "outputStyle" : 0,
      "fileType" : 1,
      "debugStyle" : 0
    },
    "\/css\/bootstrap.css" : {
      "ignoreWasSetByUser" : 0,
      "ignore" : 1,
      "hidden" : 0,
      "outputPathIsSetByUser" : 0,
      "inputAbbreviatedPath" : "\/css\/bootstrap.css",
      "outputAbbreviatedPath" : "No Output Path",
      "fileType" : 16
    },
    "\/css\/styles.css" : {
      "ignoreWasSetByUser" : 0,
      "ignore" : 1,
      "hidden" : 0,
      "outputPathIsSetByUser" : 0,
      "inputAbbreviatedPath" : "\/css\/styles.css",
      "outputAbbreviatedPath" : "No Output Path",
      "fileType" : 16
    },
    "\/less\/mixins\/hide-text.less" : {
      "ieCompatibility" : 1,
      "inputAbbreviatedPath" : "\/less\/mixins\/hide-text.less",
      "outputAbbreviatedPath" : "\/less\/css\/hide-text.css",
      "outputPathIsSetByUser" : 0,
      "strictUnits" : 0,
      "relativeURLS" : 0,
      "ignore" : 1,
      "strictImports" : 0,
      "ignoreWasSetByUser" : 0,
      "shouldRunBless" : 0,
      "hidden" : 0,
      "strictMath" : 0,
      "outputStyle" : 0,
      "fileType" : 1,
      "debugStyle" : 0
    },
    "\/less\/print.less" : {
      "ieCompatibility" : 1,
      "inputAbbreviatedPath" : "\/less\/print.less",
      "outputAbbreviatedPath" : "\/css\/print.css",
      "outputPathIsSetByUser" : 0,
      "strictUnits" : 0,
      "relativeURLS" : 0,
      "ignore" : 1,
      "strictImports" : 0,
      "ignoreWasSetByUser" : 0,
      "shouldRunBless" : 0,
      "hidden" : 0,
      "strictMath" : 0,
      "outputStyle" : 0,
      "fileType" : 1,
      "debugStyle" : 0
    },
    "\/less\/mixins\/gradients.less" : {
      "ieCompatibility" : 1,
      "inputAbbreviatedPath" : "\/less\/mixins\/gradients.less",
      "outputAbbreviatedPath" : "\/less\/css\/gradients.css",
      "outputPathIsSetByUser" : 0,
      "strictUnits" : 0,
      "relativeURLS" : 0,
      "ignore" : 1,
      "strictImports" : 0,
      "ignoreWasSetByUser" : 0,
      "shouldRunBless" : 0,
      "hidden" : 0,
      "strictMath" : 0,
      "outputStyle" : 0,
      "fileType" : 1,
      "debugStyle" : 0
    },
    "\/less\/labels.less" : {
      "ieCompatibility" : 1,
      "inputAbbreviatedPath" : "\/less\/labels.less",
      "outputAbbreviatedPath" : "\/css\/labels.css",
      "outputPathIsSetByUser" : 0,
      "strictUnits" : 0,
      "relativeURLS" : 0,
      "ignore" : 1,
      "strictImports" : 0,
      "ignoreWasSetByUser" : 0,
      "shouldRunBless" : 0,
      "hidden" : 0,
      "strictMath" : 0,
      "outputStyle" : 0,
      "fileType" : 1,
      "debugStyle" : 0
    },
    "\/less\/progress-bars.less" : {
      "ieCompatibility" : 1,
      "inputAbbreviatedPath" : "\/less\/progress-bars.less",
      "outputAbbreviatedPath" : "\/css\/progress-bars.css",
      "outputPathIsSetByUser" : 0,
      "strictUnits" : 0,
      "relativeURLS" : 0,
      "ignore" : 1,
      "strictImports" : 0,
      "ignoreWasSetByUser" : 0,
      "shouldRunBless" : 0,
      "hidden" : 0,
      "strictMath" : 0,
      "outputStyle" : 0,
      "fileType" : 1,
      "debugStyle" : 0
    },
    "\/less\/carousel.less" : {
      "ieCompatibility" : 1,
      "inputAbbreviatedPath" : "\/less\/carousel.less",
      "outputAbbreviatedPath" : "\/css\/carousel.css",
      "outputPathIsSetByUser" : 0,
      "strictUnits" : 0,
      "relativeURLS" : 0,
      "ignore" : 1,
      "strictImports" : 0,
      "ignoreWasSetByUser" : 0,
      "shouldRunBless" : 0,
      "hidden" : 0,
      "strictMath" : 0,
      "outputStyle" : 0,
      "fileType" : 1,
      "debugStyle" : 0
    },
    "\/index.php" : {
      "ignoreWasSetByUser" : 0,
      "ignore" : 0,
      "hidden" : 0,
      "outputPathIsSetByUser" : 0,
      "inputAbbreviatedPath" : "\/index.php",
      "outputAbbreviatedPath" : "No Output Path",
      "fileType" : 2048
    },
    "\/js\/bootstrap.js" : {
      "ignoreWasSetByUser" : 0,
      "ignore" : 0,
      "hidden" : 0,
      "outputPathIsSetByUser" : 0,
      "inputAbbreviatedPath" : "\/js\/bootstrap.js",
      "outputStyle" : 1,
      "syntaxCheckerStyle" : 0,
      "outputAbbreviatedPath" : "\/js\/bootstrap-ck.js",
      "fileType" : 64
    },
    "\/less\/mixins\/resize.less" : {
      "ieCompatibility" : 1,
      "inputAbbreviatedPath" : "\/less\/mixins\/resize.less",
      "outputAbbreviatedPath" : "\/less\/css\/resize.css",
      "outputPathIsSetByUser" : 0,
      "strictUnits" : 0,
      "relativeURLS" : 0,
      "ignore" : 1,
      "strictImports" : 0,
      "ignoreWasSetByUser" : 0,
      "shouldRunBless" : 0,
      "hidden" : 0,
      "strictMath" : 0,
      "outputStyle" : 0,
      "fileType" : 1,
      "debugStyle" : 0
    },
    "\/less\/navs.less" : {
      "ieCompatibility" : 1,
      "inputAbbreviatedPath" : "\/less\/navs.less",
      "outputAbbreviatedPath" : "\/css\/navs.css",
      "outputPathIsSetByUser" : 0,
      "strictUnits" : 0,
      "relativeURLS" : 0,
      "ignore" : 1,
      "strictImports" : 0,
      "ignoreWasSetByUser" : 0,
      "shouldRunBless" : 0,
      "hidden" : 0,
      "strictMath" : 0,
      "outputStyle" : 0,
      "fileType" : 1,
      "debugStyle" : 0
    },
    "\/less\/scaffolding.less" : {
      "ieCompatibility" : 1,
      "inputAbbreviatedPath" : "\/less\/scaffolding.less",
      "outputAbbreviatedPath" : "\/css\/scaffolding.css",
      "outputPathIsSetByUser" : 0,
      "strictUnits" : 0,
      "relativeURLS" : 0,
      "ignore" : 1,
      "strictImports" : 0,
      "ignoreWasSetByUser" : 0,
      "shouldRunBless" : 0,
      "hidden" : 0,
      "strictMath" : 0,
      "outputStyle" : 0,
      "fileType" : 1,
      "debugStyle" : 0
    },
    "\/less\/tooltip.less" : {
      "ieCompatibility" : 1,
      "inputAbbreviatedPath" : "\/less\/tooltip.less",
      "outputAbbreviatedPath" : "\/css\/tooltip.css",
      "outputPathIsSetByUser" : 0,
      "strictUnits" : 0,
      "relativeURLS" : 0,
      "ignore" : 1,
      "strictImports" : 0,
      "ignoreWasSetByUser" : 0,
      "shouldRunBless" : 0,
      "hidden" : 0,
      "strictMath" : 0,
      "outputStyle" : 0,
      "fileType" : 1,
      "debugStyle" : 0
    },
    "\/css\/bootstrap.min.css" : {
      "ignoreWasSetByUser" : 0,
      "ignore" : 0,
      "hidden" : 0,
      "outputPathIsSetByUser" : 0,
      "inputAbbreviatedPath" : "\/css\/bootstrap.min.css",
      "outputAbbreviatedPath" : "No Output Path",
      "fileType" : 16
    },
    "\/less\/normalize.less" : {
      "ieCompatibility" : 1,
      "inputAbbreviatedPath" : "\/less\/normalize.less",
      "outputAbbreviatedPath" : "\/css\/normalize.css",
      "outputPathIsSetByUser" : 0,
      "strictUnits" : 0,
      "relativeURLS" : 0,
      "ignore" : 1,
      "strictImports" : 0,
      "ignoreWasSetByUser" : 0,
      "shouldRunBless" : 0,
      "hidden" : 0,
      "strictMath" : 0,
      "outputStyle" : 0,
      "fileType" : 1,
      "debugStyle" : 0
    },
    "\/less\/mixins\/list-group.less" : {
      "ieCompatibility" : 1,
      "inputAbbreviatedPath" : "\/less\/mixins\/list-group.less",
      "outputAbbreviatedPath" : "\/less\/css\/list-group.css",
      "outputPathIsSetByUser" : 0,
      "strictUnits" : 0,
      "relativeURLS" : 0,
      "ignore" : 1,
      "strictImports" : 0,
      "ignoreWasSetByUser" : 0,
      "shouldRunBless" : 0,
      "hidden" : 0,
      "strictMath" : 0,
      "outputStyle" : 0,
      "fileType" : 1,
      "debugStyle" : 0
    },
    "\/less\/mixins\/panels.less" : {
      "ieCompatibility" : 1,
      "inputAbbreviatedPath" : "\/less\/mixins\/panels.less",
      "outputAbbreviatedPath" : "\/less\/css\/panels.css",
      "outputPathIsSetByUser" : 0,
      "strictUnits" : 0,
      "relativeURLS" : 0,
      "ignore" : 1,
      "strictImports" : 0,
      "ignoreWasSetByUser" : 0,
      "shouldRunBless" : 0,
      "hidden" : 0,
      "strictMath" : 0,
      "outputStyle" : 0,
      "fileType" : 1,
      "debugStyle" : 0
    },
    "\/less\/mixins\/border-radius.less" : {
      "ieCompatibility" : 1,
      "inputAbbreviatedPath" : "\/less\/mixins\/border-radius.less",
      "outputAbbreviatedPath" : "\/less\/css\/border-radius.css",
      "outputPathIsSetByUser" : 0,
      "strictUnits" : 0,
      "relativeURLS" : 0,
      "ignore" : 1,
      "strictImports" : 0,
      "ignoreWasSetByUser" : 0,
      "shouldRunBless" : 0,
      "hidden" : 0,
      "strictMath" : 0,
      "outputStyle" : 0,
      "fileType" : 1,
      "debugStyle" : 0
    },
    "\/images\/intro-devices.png" : {
      "ignoreWasSetByUser" : 0,
      "ignore" : 0,
      "hidden" : 0,
      "outputPathIsSetByUser" : 0,
      "inputAbbreviatedPath" : "\/images\/intro-devices.png",
      "processed" : 0,
      "outputAbbreviatedPath" : "\/images\/intro-devices.png",
      "initialSize" : 4775,
      "fileType" : 8192
    },
    "\/less\/mixins\/text-overflow.less" : {
      "ieCompatibility" : 1,
      "inputAbbreviatedPath" : "\/less\/mixins\/text-overflow.less",
      "outputAbbreviatedPath" : "\/less\/css\/text-overflow.css",
      "outputPathIsSetByUser" : 0,
      "strictUnits" : 0,
      "relativeURLS" : 0,
      "ignore" : 1,
      "strictImports" : 0,
      "ignoreWasSetByUser" : 0,
      "shouldRunBless" : 0,
      "hidden" : 0,
      "strictMath" : 0,
      "outputStyle" : 0,
      "fileType" : 1,
      "debugStyle" : 0
    },
    "\/less\/mixins\/background-variant.less" : {
      "ieCompatibility" : 1,
      "inputAbbreviatedPath" : "\/less\/mixins\/background-variant.less",
      "outputAbbreviatedPath" : "\/less\/css\/background-variant.css",
      "outputPathIsSetByUser" : 0,
      "strictUnits" : 0,
      "relativeURLS" : 0,
      "ignore" : 1,
      "strictImports" : 0,
      "ignoreWasSetByUser" : 0,
      "shouldRunBless" : 0,
      "hidden" : 0,
      "strictMath" : 0,
      "outputStyle" : 0,
      "fileType" : 1,
      "debugStyle" : 0
    },
    "\/less\/media.less" : {
      "ieCompatibility" : 1,
      "inputAbbreviatedPath" : "\/less\/media.less",
      "outputAbbreviatedPath" : "\/css\/media.css",
      "outputPathIsSetByUser" : 0,
      "strictUnits" : 0,
      "relativeURLS" : 0,
      "ignore" : 1,
      "strictImports" : 0,
      "ignoreWasSetByUser" : 0,
      "shouldRunBless" : 0,
      "hidden" : 0,
      "strictMath" : 0,
      "outputStyle" : 0,
      "fileType" : 1,
      "debugStyle" : 0
    },
    "\/less\/close.less" : {
      "ieCompatibility" : 1,
      "inputAbbreviatedPath" : "\/less\/close.less",
      "outputAbbreviatedPath" : "\/css\/close.css",
      "outputPathIsSetByUser" : 0,
      "strictUnits" : 0,
      "relativeURLS" : 0,
      "ignore" : 1,
      "strictImports" : 0,
      "ignoreWasSetByUser" : 0,
      "shouldRunBless" : 0,
      "hidden" : 0,
      "strictMath" : 0,
      "outputStyle" : 0,
      "fileType" : 1,
      "debugStyle" : 0
    },
    "\/less\/buttons.less" : {
      "ieCompatibility" : 1,
      "inputAbbreviatedPath" : "\/less\/buttons.less",
      "outputAbbreviatedPath" : "\/css\/buttons.css",
      "outputPathIsSetByUser" : 0,
      "strictUnits" : 0,
      "relativeURLS" : 0,
      "ignore" : 1,
      "strictImports" : 0,
      "ignoreWasSetByUser" : 0,
      "shouldRunBless" : 0,
      "hidden" : 0,
      "strictMath" : 0,
      "outputStyle" : 0,
      "fileType" : 1,
      "debugStyle" : 0
    },
    "\/less\/bootstrap.less" : {
      "ieCompatibility" : 1,
      "inputAbbreviatedPath" : "\/less\/bootstrap.less",
      "outputAbbreviatedPath" : "\/css\/bootstrap.css",
      "outputPathIsSetByUser" : 0,
      "strictUnits" : 0,
      "relativeURLS" : 0,
      "ignore" : 1,
      "strictImports" : 0,
      "ignoreWasSetByUser" : 0,
      "shouldRunBless" : 0,
      "hidden" : 0,
      "strictMath" : 0,
      "outputStyle" : 0,
      "fileType" : 1,
      "debugStyle" : 0
    },
    "\/less\/code.less" : {
      "ieCompatibility" : 1,
      "inputAbbreviatedPath" : "\/less\/code.less",
      "outputAbbreviatedPath" : "\/css\/code.css",
      "outputPathIsSetByUser" : 0,
      "strictUnits" : 0,
      "relativeURLS" : 0,
      "ignore" : 1,
      "strictImports" : 0,
      "ignoreWasSetByUser" : 0,
      "shouldRunBless" : 0,
      "hidden" : 0,
      "strictMath" : 0,
      "outputStyle" : 0,
      "fileType" : 1,
      "debugStyle" : 0
    },
    "\/less\/dropdowns.less" : {
      "ieCompatibility" : 1,
      "inputAbbreviatedPath" : "\/less\/dropdowns.less",
      "outputAbbreviatedPath" : "\/css\/dropdowns.css",
      "outputPathIsSetByUser" : 0,
      "strictUnits" : 0,
      "relativeURLS" : 0,
      "ignore" : 1,
      "strictImports" : 0,
      "ignoreWasSetByUser" : 0,
      "shouldRunBless" : 0,
      "hidden" : 0,
      "strictMath" : 0,
      "outputStyle" : 0,
      "fileType" : 1,
      "debugStyle" : 0
    },
    "\/less\/forms.less" : {
      "ieCompatibility" : 1,
      "inputAbbreviatedPath" : "\/less\/forms.less",
      "outputAbbreviatedPath" : "\/css\/forms.css",
      "outputPathIsSetByUser" : 0,
      "strictUnits" : 0,
      "relativeURLS" : 0,
      "ignore" : 1,
      "strictImports" : 0,
      "ignoreWasSetByUser" : 0,
      "shouldRunBless" : 0,
      "hidden" : 0,
      "strictMath" : 0,
      "outputStyle" : 0,
      "fileType" : 1,
      "debugStyle" : 0
    },
    "\/less\/mixins\/progress-bar.less" : {
      "ieCompatibility" : 1,
      "inputAbbreviatedPath" : "\/less\/mixins\/progress-bar.less",
      "outputAbbreviatedPath" : "\/less\/css\/progress-bar.css",
      "outputPathIsSetByUser" : 0,
      "strictUnits" : 0,
      "relativeURLS" : 0,
      "ignore" : 1,
      "strictImports" : 0,
      "ignoreWasSetByUser" : 0,
      "shouldRunBless" : 0,
      "hidden" : 0,
      "strictMath" : 0,
      "outputStyle" : 0,
      "fileType" : 1,
      "debugStyle" : 0
    },
    "\/less\/utilities.less" : {
      "ieCompatibility" : 1,
      "inputAbbreviatedPath" : "\/less\/utilities.less",
      "outputAbbreviatedPath" : "\/css\/utilities.css",
      "outputPathIsSetByUser" : 0,
      "strictUnits" : 0,
      "relativeURLS" : 0,
      "ignore" : 1,
      "strictImports" : 0,
      "ignoreWasSetByUser" : 0,
      "shouldRunBless" : 0,
      "hidden" : 0,
      "strictMath" : 0,
      "outputStyle" : 0,
      "fileType" : 1,
      "debugStyle" : 0
    },
    "\/less\/mixins\/nav-divider.less" : {
      "ieCompatibility" : 1,
      "inputAbbreviatedPath" : "\/less\/mixins\/nav-divider.less",
      "outputAbbreviatedPath" : "\/less\/css\/nav-divider.css",
      "outputPathIsSetByUser" : 0,
      "strictUnits" : 0,
      "relativeURLS" : 0,
      "ignore" : 1,
      "strictImports" : 0,
      "ignoreWasSetByUser" : 0,
      "shouldRunBless" : 0,
      "hidden" : 0,
      "strictMath" : 0,
      "outputStyle" : 0,
      "fileType" : 1,
      "debugStyle" : 0
    }
  },
  "manualImportLinks" : [

  ],
  "projectSettings" : {
    "hamlNoEscapeInAttributes" : 0,
    "kitAutoOutputPathStyle" : 0,
    "lessOutputStyle" : 0,
    "hamlAutoOutputPathReplace2" : "",
    "draggedImportConcatenationStyle" : 1,
    "jadeAutoOutputPathStyle" : 0,
    "hamlEscapeHTMLCharacters" : 0,
    "javascriptAutoOutputPathStyle" : 0,
    "hamlOutputFormat" : 2,
    "stylusAutoOutputPathReplace1" : "stylus",
    "lessStrictImports" : 0,
    "sassAutoOutputPathStyle" : 2,
    "stylusAutoOutputPathReplace2" : "css",
    "lessAutoOutputPathStyle" : 2,
    "lessIECompatibility" : 1,
    "genericWebpageFileExtensionsString" : "html, htm, shtml, shtm, xhtml, php, jsp, asp, aspx, erb, ctp",
    "lessStrictUnits" : 0,
    "lessStrictMath" : 0,
    "coffeeMinifyOutput" : 1,
    "javascriptOutputSuffix" : "-ck",
    "jadeOutputStyle" : 0,
    "coffeeAutoOutputPathStyle" : 0,
    "autoSyncProjectSettingsFile" : 1,
    "lessAutoOutputPathReplace1" : "less",
    "jadeAutoOutputPathReplace1" : "",
    "lessAutoOutputPathRelativePath" : "..\/css",
    "hamlAutoOutputPathRelativePath" : "",
    "jsCheckerReservedNamesString" : "",
    "javascriptOutputStyle" : 1,
    "stylusDebugStyle" : 0,
    "hamlUseCDATA" : 0,
    "hamlAutoOutputPathStyle" : 0,
    "sassDebugStyle" : 0,
    "hamlOutputStyle" : 0,
    "stylusAutoOutputPathRelativePath" : "..\/css",
    "jsCheckerIndent" : 4,
    "kitAutoOutputPathRelativePath" : "",
    "lessAutoOutputPathReplace2" : "css",
    "jadeAutoOutputPathReplace2" : "",
    "shouldRunBless" : 0,
    "stylusAutoOutputPathStyle" : 2,
    "coffeeCheckOutputStyle" : 0,
    "slimOutputStyle" : 1,
    "javascriptSyntaxCheckerStyle" : 0,
    "sassAutoOutputPathReplace1" : "sass",
    "slimAutoOutputPathReplace1" : "",
    "sassOutputStyle" : 0,
    "coffeeAutoOutputPathRelativePath" : "",
    "slimCompileOnly" : 0,
    "slimLogicless" : 0,
    "uglifyIndent" : 4,
    "jadeAutoOutputPathRelativePath" : "",
    "hamlUseUnixNewlines" : 0,
    "hamlAutoOutputPathReplace1" : "",
    "javascriptAutoOutputPathReplace1" : "",
    "stylusOutputStyle" : 0,
    "javascriptAutoOutputPathReplace2" : "",
    "sassAutoOutputPathRelativePath" : "..\/css",
    "coffeeAutoOutputPathReplace1" : "",
    "hamlUseDoubleQuotes" : 0,
    "coffeeAutoOutputPathReplace2" : "",
    "kitAutoOutputPathReplace1" : "",
    "uglifyReservedNamesString" : "",
    "coffeeOutputStyle" : 0,
    "slimAutoOutputPathRelativePath" : "",
    "jsHintFlags" : {
      "latedef" : 1,
      "newcap" : 1,
      "curly" : 1,
      "trailing" : 1,
      "nonew" : 1,
      "es3" : 0,
      "freeze" : 1,
      "yui" : 0,
      "mootools" : 0,
      "proto" : 0,
      "boss" : 0,
      "funcscope" : 0,
      "jquery" : 1,
      "esnext" : 0,
      "camelcase" : 0,
      "dojo" : 0,
      "strict" : 0,
      "devel" : 0,
      "wsh" : 0,
      "nonstandard" : 0,
      "asi" : 0,
      "moz" : 0,
      "rhino" : 0,
      "smarttabs" : 0,
      "lastsemic" : 0,
      "noempty" : 0,
      "eqnull" : 0,
      "eqeqeq" : 1,
      "couch" : 0,
      "evil" : 0,
      "expr" : 0,
      "immed" : 0,
      "globalstrict" : 0,
      "undef" : 1,
      "iterator" : 0,
      "prototypejs" : 0,
      "noarg" : 1,
      "supernew" : 0,
      "node" : 0,
      "unused" : 1,
      "debug" : 0,
      "bitwise" : 1,
      "notypeof" : 1,
      "white" : 0,
      "browser" : 1,
      "worker" : 0,
      "laxcomma" : 0,
      "multistr" : 0,
      "shadow" : 0,
      "sub" : 0,
      "plusplus" : 0,
      "scripturl" : 0,
      "forin" : 0,
      "loopfunc" : 0,
      "laxbreak" : 0
    },
    "jsLintFlags" : {
      "white" : 0,
      "unparam" : 0,
      "regexp" : 0,
      "nomen" : 0,
      "vars" : 0,
      "sub" : 0,
      "stupid" : 0,
      "continue" : 0,
      "bitwise" : 0,
      "newcap" : 0,
      "sloppy" : 0,
      "closure" : 0,
      "browser" : 1,
      "properties" : 0,
      "plusplus" : 0,
      "debug" : 0,
      "forin" : 0,
      "eqeq" : 0,
      "evil" : 0,
      "node" : 0,
      "rhino" : 0,
      "devel" : 0,
      "ass" : 0
    },
    "uglifyFlags" : {
      "no-mangle-functions" : 0,
      "no-mangle" : 0,
      "no-copyright" : 0,
      "no-dead-code" : 0,
      "inline-script" : 0,
      "ascii" : 0,
      "unsafe" : 0,
      "mangle-toplevel" : 0,
      "no-seqs" : 1,
      "beautify" : 0,
      "lift-vars" : 0,
      "consolidate-primitive-values" : 0,
      "no-squeeze" : 0
    },
    "sassAutoOutputPathReplace2" : "css",
    "slimAutoOutputPathReplace2" : "",
    "jadeCompileDebug" : 1,
    "slimRailsCompatible" : 0,
    "kitAutoOutputPathReplace2" : "",
    "lessRelativeURLS" : 0,
    "lessDebugStyle" : 0,
    "javascriptAutoOutputPathRelativePath" : "",
    "slimAutoOutputPathStyle" : 0
  },
  "projectAttributes" : {
    "bourbonEnabled" : 0,
    "displayValue" : "device-viz",
    "displayValueWasSetByUser" : 0,
    "compassEnabled" : 0
  }
}